IdConglomerado,Anio,Estado,Municipio,Formato,Veg_prim_levantada,Veg_sec_levanatda,Veg_prim_esperada,Veg_sec_esperada,Tipo_cgl,Monitoreo,Muestreado,Cubierta_Vegetal,Tenencia,Cuenca,Subcuenca,Sitios_x_cgl,Sitio_1,Sitio_2,Sitio_3,Sitio_4,Arboles_x_cgl,Latitud,Longitud,X,Y,Altitud,Fisiografia,Pendiente,Uso_suelo_SCV,con_Cuerpos_agua,con_Diversidad,con_epifitas,con_flora_riego,con_Impactos_amb,con_Incendios,con_Plagas,Punto_control,con_suelos,con_Sitios,Descripcion,Observaciones
43644,2013,Nayarit,Huajicori,Bosque,BQP,VSna,BQ,VSA,Inicial,No,Si,Si,Ejidal,Presidio San Pedro,"Presidio, Baluarte y Ca±as",4,1,1,1,1,42,22 55 38.8,-105 5 31.3,-105.0920274444,22.9274437778,1679,Ladera,33,No aplica,0,1,1,0,1,1,0,1,1,1,El pc se encuentra un roble en la brecha que va de San Andres a Alacranes,"En el cgl 43644 se encontró evidencia de muestreo de la brigada anterior (varilla y arboles marcados)  Nota: al encontrarse la varilla central el GPS marco una distancia de 7.0m para llegar a las coordenadas originales pero se decidió realizar el levantamiento donde lo realizo la brigada anterior para coincidir con el trazo que ellos realizaron.  Suelos: se observo presencia de actividad ganadera y de pastoreo   Se observo evidencia de incendio, según comentaron algunos campesinos que sucedió un incendio en el año 2012 por razones de un descuido humano."
43980,2013,Nayarit,Huajicori,Bosque,BQP,VSA,BQ,VSA,Inicial,No,Si,Si,Ejidal,Presidio San Pedro,"Rio San Pedro, Rosa Morada y Acaponeta",4,1,1,1,1,39,22 50 17,-105 8 27,-105.140833,22.8380552222,1662,Lomerio,51,No aplica,0,1,1,0,1,1,0,1,1,1,El pc se encuntra en un pino en la brecha que va de San Andres a Santa Maria.,"En el cgl 43980, se encontró evidencia de muestreo de la brigada anterior (varilla, placas y arboles marcados)  Suelos: se observo evidencia de actividad ganadera y pastorea."
44149,2013,Nayarit,Huajicori,Bosque,BQP,VSna,BQ,VSna,Inicial,No,Si,Si,Ejidal,Presidio San Pedro,"Rio San Pedro, Rosa Morada y Acaponeta",4,1,1,1,1,27,22 47 40.9,-105 2 30.9,-105.0419163333,22.7946941111,1574,Lomerio,33,No aplica,0,1,1,0,1,1,0,1,1,1,El pc se encuentra en un pino en la brecha que va de llano grande al cimiento,"En el cgl 44149 se encontró evidencia de muestreo de la brigada anterior (varilla, placas y arboles marcados)  Sitio 1: El árbol 3 es un árbol primero porque los individuos 1 y 2 están muertos por daño desconocido   Suelos: se observo presencia de actividad ganadera y pastoreo  La barrena se enterró  a los 135° debido a que a los 45° se encuentra una roca madre   En el sitio 2. Los individuos 3, 6, 7, 8, 10, 11 y 12 se observo daño por incendio pero se desconoce la forma por la cual se origino y el año en el cual ocurrió  Lo mismo para el registro 8 del sitio 4  El árbol 2 es primero porque el árbol 1 esta muerto en  el sitio 4"
44311,2013,Nayarit,Huajicori,Bosque,BQP,VSna,BQP,VSA,Inicial,No,Si,Si,Ejidal,Presidio San Pedro,"Presidio, Baluarte y Ca±as",4,1,1,1,1,74,22 44 47,-105 11 10.4,-105.1862218889,22.7463885556,1844,Lomerio,39,No aplica,0,1,1,0,1,0,0,1,1,1,El PC se encuentra en un encino en el camino que va a Llano Grande.,"En el CGL se encontró evidencia del muestreo de la brigada anterior (varilla, placas y arboles marcados).   Suelos: Se observó presencia de ganado bovino.  Sitio 1. Se normalizo el registro 3 a 1.2m."
44477,2013,Nayarit,Huajicori,Bosque,BQP,VSA,BQP,VSA,Inicial,No,Si,Si,Ejidal,Presidio San Pedro,"Rio San Pedro, Rosa Morada y Acaponeta",4,1,1,1,1,66,22 42 9.9,-105 5 20.1,-105.0889163333,22.70275,1806,Planicie,8,No aplica,0,1,1,0,1,0,0,1,1,1,El PC se encuentra en un pino en la brecha que va de llano grande a el carrizal.,"En el cgl 44477 se encontró evidencia de miuestreo de la brigada anterior (varilla,placas y arboles marcados)  Sitio 1: El registro 1 árbol 1 nose tomo como árbol primero porque esta muerto en pie ,el árbol2 es el árbol primero  Suelos: se observo evidencia de actividad ganadera y pastoreo"
44801,2013,Nayarit,Huajicori,Bosque,BQP,VSna,BQP,VSna,Inicial,No,Si,Si,Ejidal,Presidio San Pedro,"Rio San Pedro, Rosa Morada y Acaponeta",4,1,1,1,1,43,22 36 40,-105 8 8,-105.1355552222,22.6111111111,1527,Lomerio,36,No aplica,0,1,1,0,1,1,0,1,1,1,El Pc se encuentra en un encino hasta donde llega la brecha.,"En el cgl 44801 No se encontró evidencia de muestreo de la brigada anterior.    Suelo: Se observó evidencia de actividad ganadera.    Sitio1: Sin observaciones    Sitio2: Sin observaciones  Sitio3: Los registros 5, 6 y 7 están muertos por daño desconocido por lo que el registro 4 y árbol 3, se tomó como Árbol ultimo.El registro 3 debido a su forma de crecimiento el diametro normal es mayor al diámetro basal.    Sitio4: Algunos árboles se les observo daño por incendio y también otros árboles que estaban fuera del cgl, se desconoce el origen que hubiese provocado el incendio el daño observado solo fue en el tronco y parte del fuste sin alcanzar a daño copa.    Nota: Zona donde se encuentra el cgl. Presencia de ingobernabilidad."
45290,2013,Nayarit,Del Nayar,Bosque,BPQ,VSna,BPQ,VSA,Inicial,No,Si,Si,Ejidal,Presidio San Pedro,"Rio San Pedro, Rosa Morada y Acaponeta",2,1,0,0,1,9,22 28 49.7,-104 50 21.8,-104.8393885556,22.4804715556,2176,Barranca,60,No aplica,0,1,1,0,1,0,0,1,1,1,El PC se enuentra en un encino en la localidad Rancho Viejo.,"El Sitio # 2 se declara inaccesible porque se encuentra una pared de roca de más de 60 mts. Quedando a una distancia de 4 m con un azimut de 180° con respecto al Sitio 1 en las coordenadas  N 22°28´49.7”- W -104°50´21.8”.  El Sitio # 3 se declara inaccesible  porque se encuentra una pared de roca de más de 60 mts de altura, quedando a una distancia de 4 m con un azimut de n300° en las coordenadas  N 22°28´49.7”- W -104°50¨21.8”.  El error de precisión fue mayor a 5 mts por condiciones climáticas.  Se encontró evidencia del muestreo anterior varilla central arboles rayados y placas de aluminio."
45611,2013,Nayarit,Del Nayar,Bosque,BPQ,VSna,BPQ,VSna,Inicial,No,Si,Si,Ejidal,Lerma Santiago,Rio Bajo Santigo,2,1,0,1,0,6,22 23 20,-104 53 10.2,-104.8861663333,22.3888885556,2221,Ladera,30,No aplica,0,1,1,0,1,1,0,1,1,1,El PC se encuentra en la brecha que llega de Santa Gertrudis al rancho Guazamota en un encino,"SITIO 1. Se declaro inaccesible por caer en un relis con una caída de mas de 80 mts y cuenta con una pendiente mayor al 100%, lo cual no nos permite levantar la información, quedado a una distancia de 15 m con respecto al sitio 1 con un azimut de 172° en las coordenadas N22°23’20.5” W-104°53’10.1”.    El sitio de declara inaccesible por caer en un relis con una pendiente mayor al 100% y con una altura de 80 metros aproximadamente, lo cual no nos permite levantar la información necesaria para el conglomerado. Quedando a una distancia de 18 m con respecto al sitio 1 con un azimut de 057° en la coordenadas N22°23’19.7” W-104°53’10.5”.    Se encontró evidencia del conglomerado varilla central y placas.    El erro de precisión es el sitio 3 fue superior a 5 mts debido a que estaba nublado y no bajo mas.    Se encontró evidencia del conglomerado, varilla central y placas."
45774,2013,Nayarit,Del Nayar,Bosque,BPQ,VSna,BPQ,VSA,Inicial,No,Si,Si,Ejidal,Lerma Santiago,Rio Bajo Santigo,4,1,1,1,1,50,22 20 43.1,-104 47 16,-104.7877774444,22.3453052222,2154,Ladera,20,No aplica,0,1,1,0,1,1,0,1,1,1,El PC se encuentra en un encino en el Rancho Las Chuparrosas,Se encontró evidencia del muestreo anterior varilla central y placas. El error de precisión fue mayor por las condiciones climáticas
45784,2013,Nayarit,Del Nayar,Bosque,BPQ,VSna,BPQ,VSna,Inicial,No,Si,Si,Ejidal,Lerma Santiago,Rio Bajo Santigo,4,1,1,1,1,40,22 21 12,-104 17 59,-104.2997218889,22.3533333333,2146,Lomerio,25,No aplica,0,1,1,0,1,1,0,1,1,1,El PC se encuentra en la carretera que va hacia Sta Cruz a el Km 09+100 en un árbol.,"Se encontró evidencia del muestreo anterior; varilla central, placas y árboles pintados  El árbol #2 del sitio 1, se normalizó al 1.20  El árbol #4 del sitio 3, se normalizó al 1.10  El árbol #3 del sitio 4, se normalizó al 1.10  La colecta 45784_S3_A006_MRD0370 no se logró identificar."
45936,2013,Nayarit,Del Nayar,Bosque,BPQ,VSna,BPQ,VSA,Inicial,No,Si,Si,Ejidal,Lerma Santiago,Rio Bajo Santigo,3,1,1,0,1,33,22 18 7.8,-104 41 22.8,-104.6896663333,22.3021666667,1718,Barranca,70,No aplica,0,1,1,0,1,1,0,1,1,1,Se marcó en un encino que se encuentra en el Rancho la Cienega.,"Se encontró evidencia en el conglomerado de arboles marcados, varilla central y placas de aluminio.    El error de precisión fue mayor a 5 mts debido a la presencia de rocas y una pared de roca que no permitía que se estableciera el GPS.    El sitio 3 se declara inaccesible por caer en una quebrada que cuenta con una pendiente mayor al 100%. No quedamos a una distancia de 11 metros con un azimut de 295°, con respecto al sitio 1 en las coordenadas N22°18’07.6” W-104°41’22.6”.  Los datos de degradación se tomaron en el sitio #4 por que el sitio #3 se declaro inaccesible.    En el incendio que se presento loas arboles no se secaron, no afecto la copa, solamente el Fuste.    SITIO 1. El registro 2 su diámetro normal es mayor al diámetro basal debido a un ligero ensanchamiento al 1.30 m."
45951,2013,Jalisco,Mezquitic,Bosque,BPQ,VSna,BPQ,VSA,Inicial,No,Si,Si,Propiedad Particular,Lerma Santiago,Rio Bajo Santigo,4,1,1,1,1,41,22 18 45.9,-103 57 27,-103.9575,22.31275,2267,Ladera,45,No aplica,0,1,1,0,1,0,0,1,1,1,En un poste de la luz a nueva colonia,"Sitio 1. Se encontró varilla central, arboles marcados y arboles sub-muestras  Sitio 2. Se encontró estaca, arboles marcados y arboles sub-muestras  Sitio 3. No se encontró estaca, pero si arboles marcados   Sitio 4. Se encontró estaca central arboles marcados y arboles sub-muestras"
46119,2013,Jalisco,Mezquitic,Bosque,BQP,VSna,BQP,VSna,Inicial,No,Si,Si,Propiedad Particular,Lerma Santiago,Rio Bajo Santigo,4,1,1,1,1,107,22 16 17.1,-103 36 55.9,-103.6155277778,22.271416,2356,Planicie,3,No aplica,0,1,1,0,1,0,0,1,1,1,El PC se marcó en un árbol de encino que se encuentra del lado derecho de la Terraceria.,"En el sitio #1 se encontró un árbol quebrado por el viento, también se encontró un tocón pero no se enumero ya que presentaba renuevo.    En el sitio 2 el árbol 12 no se tomo como límite por tener un vigor pobre y tener un porcentaje de muerte regresiva alto.    En el sitio 3 el registro 1 se normalizo abajo del 1.30 m.    En el sitio 4 el registro 1 se normalizo abajo del 1.30m.    En este conglomerado se encontraron registros del muestreo anterior.    Se encontraron evidencias en el conglomerado del muestreo anterior, los cuales fueron arboles marcados."
46269,2013,Jalisco,Mezquitic,Bosque,BPQ,VSna,BP,VSA,Inicial,No,Si,Si,Ejidal,Lerma Santiago,Rio Bajo Santigo,4,1,1,1,1,24,22 13 5,-104 14 55,-104.2486107778,22.2180548889,1958,Ladera,36,No aplica,1,1,1,0,1,0,0,1,1,1,En un árbol sobre el camino a San Andres,Sitio 1: Se encontró evidencia del muestreo. Sitio 2: Se encontró evidencia del muestreo. Sitio 3: Se encontró evidencia del muestreo. Sitio 4: No se encontró evidencia del muestreo debido a que no hay arbolado.
46274,2013,Jalisco,Mezquitic,Bosque,BPQ,VSna,BPQ,VSna,Inicial,No,Si,Si,Comunal,Lerma Santiago,Rio Bajo Santigo,4,1,1,1,1,30,22 13 16.9,-104 0 18,-104.005,22.2213604444,2217,Ladera,32,No aplica,0,1,1,0,1,1,0,1,1,1,En un árbol sobre la brecha a Pueblo Nuevo,SITIO 1. Se encontró varilla central. No se encontró evidencia de arboles marcados.    SITIO 2. No se encontró estaca ni evidencia de arboles marcados.    SITIO 3. No se encontró estaca ni evidencia de arboles marcados. Se movió la barrena ya que se encontró roca.    SITIO 4. No se encontró estaca solo hay un árbol en el sitio.
46446,2013,Jalisco,Mezquitic,Bosque,BPQ,VSna,BPQ,VSA,Inicial,No,Si,Si,Comunal,Lerma Santiago,Rio Bajo Santigo,4,1,1,1,1,62,22 10 38,-103 54 25,-103.9069444444,22.1772215556,2571,Ladera,26,No aplica,0,1,1,0,1,1,0,1,1,1,En un árbol en el cruzero a,"SITIO 1. Se encontró la varilla central, árboles marcados y árboles submuestras.    SITIO 2. Se encontró estaca, árboles marcados y árboles submuestras.    SITIO 3. No se encontró estaca pero si árboles marcados y árboles submuestras. Hay un árbol quebrado con 1.0 metros. Se movió la barrena porque no se encontraba roca que no permitía obtener la profundidad.    SITIO 4. No se encontró estaca pero si árboles marcados y árboles submuestras."
46604,2013,Nayarit,Del Nayar,Bosque,BQP,VSna,BQ,VSA,Inicial,No,Si,Si,Ejidal,Presidio San Pedro,"Rio San Pedro, Rosa Morada y Acaponeta",4,1,1,1,1,49,22 7 8.8,-104 46 57.9,-104.7827493333,22.1191104444,1284,Lomerio,25,No aplica,0,1,1,0,1,1,0,1,1,1,Se marcó en un pino que se ubica del lado izquierdo de la carretera que va a Jesús María,"Se encontró evidencia del muestreo anterior, varilla central y placas.    El árbol #9 del sitio 4 se normaliza a la altura de 1.5 mts.    El error de precisión en de mayor a 5 mts debido a las condiciones climáticas."
46808,2013,Jalisco,Mezquitic,Bosque,BPQ,VSna,BPQ,VSA,Inicial,No,Si,Si,Ejidal,Lerma Santiago,Rio Bajo Santigo,4,1,1,1,1,56,22 4 57,-104 11 52,-104.1977774444,22.0824993333,1728,Lomerio,20,No aplica,0,1,0,0,1,0,0,1,1,1,En un poste de luz en la comunidad Santa Cruz.,Sitio 3 No se encontró estaca pero si arboles con placas y pintados.  Sitio 1 No se encontró la varilla de centro de sitio pero si arboles pintados.  Sitio 3 Foto de profundidad de suelo se tomo en la esquina Noreste por presencia de rocas
46813,2013,Jalisco,Mezquitic,Bosque,BPQ,VSna,BPQ,VSna,Inicial,No,Si,Si,Comunal,Lerma Santiago,Rio Bajo Santigo,4,1,1,1,1,46,22 5 9.1,-103 57 15,-103.9541666667,22.0858607778,2386,Meseta,26,No aplica,0,1,1,0,1,1,0,1,1,1,En un arbol sobre el camino a San Sebastian,Sitio 1. Se encontró varilla central arboles marcados y arboles sub-muestra  Sitio 2. Solo se encontró arboles marcados y arboles su-muestras. El árbol 5 (registro 9) no se pudo obtener datos en No. De anillos en 2.5cm ya que el árbol solo presento 10 anillos   Sitio 3. Solo se encontró arboles marcados y arboles sub-muestras  Sitio 4. Solo se encontró arboles marcados y arboles sub-muestras
47013,2013,Jalisco,Mezquitic,Bosque,BPQ,VSna,BPQ,VSna,Inicial,No,Si,Si,Comunal,Lerma Santiago,Rio Bajo Santigo,3,1,1,0,1,18,22 2 32.2,-103 51 37.7,-103.8604722222,22.0422774444,2585,Ladera,100,No aplica,0,1,1,0,1,1,0,1,1,1,En un arbol en el camino viejo a patoltita,"Sitio 1. Se encontró la varilla central a 6m de distancia de las coordenadas según el GPS. El árbol 1 debido al incendio se quebró quedando con la copa hacia abajo por lo que la toma de datos de fuste limpio y altura comercial es mayor que la altura total  Sitio 2. Se encontró la estaca del muestreo. El árbol 1 se puso placa y numero del árbol arriba del 1.30m debido que se encuentra de un peñasco y para la toma de fotografía no se veía la placa. El árbol 4 se puso la placa de ultimo árbol al 1.30m debido a que se encuentra una barranca y unos peñascos que no permiten visibilidad a la placa a los 0.30m.  Sitio 3. En este sitio hay una pendiente de 96%, se trazo al sitio 3 pero a los 44 metros se encuentra un voladero que no permite llegar al centro del sitio ya que de acuerdo a la pendiente la distancia  compensada seria de 60.73m por lo que se tuvo que declarar inaccesible dicho sitio. Se anexa video del sitio donde se puede observar la fisiografía del terreno hasta donde fue posible llegar con el trazo"
47416,2013,Jalisco,Bolaños,Bosque,BQP,VSna,BQP,VSna,Inicial,No,Si,Si,Comunal,Lerma Santiago,Rio Bajo Santigo,4,1,1,1,1,54,21 57 1,-103 54 13,-103.9036111111,21.9502777778,2022,Ladera,69,No aplica,0,1,1,1,1,1,0,1,1,1,En un arbol sobre el camino al Tule de la barranca,"Sitio 1. Se encontró varilla central, arboles marcados y arboles de sub-muestra  Sitio 2. No se localizo estaca pero se arboles marcado y arboles sub-muestras  Sitio 3. Se encontró estaca arboles marcados y arboles sub-muestras. El árbol 8 (registro 10) no se pudo obtener el dato de No. De anillos en 2.5cm. debido que la viruta al centro del árbol solo tenia 2cm colocaron los 12 anillos en 2cm.  Sitio 4. No se encontró estaca pero si arboles marcados y arboles sub-muestras"
47820,2013,Nayarit,Del Nayar,Bosque,BPQ,VSna,BPQ,VSna,Inicial,No,Si,Si,Ejidal,Lerma Santiago,Rio Bajo Santigo,3,1,1,1,0,19,21 51 7,-104 26 12.9,-104.4369163333,21.8519444444,1604,Ladera,35,No aplica,0,1,1,0,1,1,0,1,1,1,El PC se encuentra en un árbol por la brecha que va de Guadalupe Ocotan a Guayamota,"El árbol # 1 del sitio se normalizo al 1.20.    SITIO 1. Se encontró evidencia del muestreo anterior tales como varilla central, así como arboles marcados y placas de arboles submuestras.    SITIO 2. Se encontró evidencia del muestreo anterior tales como estacas, así como arboles marcados y placas de arboles submuestras.    SITIO 3. Se encontró evidencia del muestreo anterior tales como estacas,  así como arboles marcados y placas de arboles submuestras.    SITIO 4. Se declaro inaccesible por tener una pendiente mayor al 100%."
47825,2013,Nayarit,La Yesca,Bosque,BQP,VSna,BQP,VSna,Inicial,No,Si,Si,Ejidal,Lerma Santiago,Rio Bajo Santigo,4,1,1,1,1,45,21 51 20.1,-104 11 38,-104.1938885556,21.8555833333,1897,Lomerio,30,No aplica,0,1,1,1,1,1,0,1,1,1,El PC se encuentra en un encino por la terraceria que va de Puente Camotlan a Ocota de la Sierra.,"  *Se encontró evidencia de muestreo del conglomerado 47825 varilla central, arboles marcados y placas de aluminio.    *La colecta 47825_S1_A001_MRD0392 se le puso muestra 1 por que no se pudo identificar es conocida como encino amorcito."
48254,2013,Nayarit,Del Nayar,Bosque,BQP,VSna,BQP,VSna,Inicial,No,Si,Si,Propiedad Particular,Lerma Santiago,Rio Bajo Santigo,4,1,1,1,1,16,21 45 38.2,-104 29 2.1,-104.4839163333,21.7606111111,1141,Ladera,40,No aplica,0,1,1,0,1,1,0,1,1,1,El pc se encuentra en un encino en el camino que va de la laguna al rancho jazmines,"En el sitio 1 se encontró varilla central y arboles marcados   En el sitio 2 se encontró arboles marcados, estaca y placas de aluminio   En el sitio 3 se encontró arboles marcados, estaca y placas de aluminio   En el sitio 4 no entro ningún árbol para medir solo había renuevo  El sitio 4 tuvo un error de precisión mayor a 6 por las condiciones climáticas (nublado)"
48259,2013,Nayarit,La Yesca,Bosque,BPQ,VSna,BPQ,VSna,Inicial,No,Si,Si,Ejidal,Lerma Santiago,Rio Bajo Santigo,4,1,1,1,1,47,21 45 50.9,-104 14 27.9,-104.241083,21.7641388889,2228,Lomerio,30,No aplica,0,1,1,0,1,1,0,1,1,1,El pc se encuentra en un pino por la brecha que va de ocota a el cerro cuate,"Se encontró evidencia de muestreo en el conglomerado 48259 varilla central, arboles marcados, estacas y placas de aluminio   La colecta 48259_S3_A001_MRD0406 no se logro identificar el nombre científico por lo que se anoto como muestra 1 en lo cual se anota el nombre común amorcito que es conocido en la zona, también se obtuvo un error de precisión se 5 ya que estaba nublado   En el conglomerado se observo incendios recientes por lo que se reporta como daño en la tabla M"
48479,2013,Nayarit,La Yesca,Bosque,BQP,VSna,BQP,VSA,Inicial,No,Si,Si,Ejidal,Lerma Santiago,Rio Bajo Santigo,4,1,1,1,1,51,21 42 59.9,-104 23 10.1,-104.3861385556,21.7166388889,1701,Lomerio,25,No aplica,0,1,1,0,1,0,0,1,1,1,El PC se encuentra en el Rancho el Quemado,"En el conglomerado 48479 se encontró evidencia de muestreo, varilla, arboles marcados y placas de aluminio.    El sitio 2 y 3 tiene el error de precisión mayor a 5 mts por condiciones climáticas (nublado)."
48484,2013,Nayarit,La Yesca,Bosque,BQP,VSna,BQP,VSna,Inicial,No,Si,Si,Propiedad Particular,Lerma Santiago,Rio Bajo Santigo,4,1,1,1,1,59,21 43 13.1,-104 8 36,-104.143333,21.7203048889,1450,Lomerio,20,No aplica,0,1,1,0,1,1,0,1,1,1,El pc se encuentra en el rancho los ojitos.,El registro 8 del sitio 3 fue normalizado a 1.20 por deformación del mismo al 1.3.  La colecta 48484_S2_A010_MRD0412 no se logro identificar por lo que se le anoto el nombre común como muestra 1.  El sitio 1 cuenta con un error de precisión mayor a 5 mts por condiciones climáticas (nublado).  La varilla numero 4 se coloco a 11mts por la presencia de una roca (durante el levantamiento de suelos).  Algunas fotografías se observan con ligeras líneas debido a un fallo en la cámara digital.
48713,2013,Nayarit,La Yesca,Bosque,BQP,VSna,BQ,VSna,Inicial,No,Si,Si,Ejidal,Lerma Santiago,Rio Bajo Santigo,4,1,1,1,1,20,21 40 34.1,-104 2 43.8,-104.0454996667,21.6761382222,1785,Lomerio,10,No aplica,0,1,1,0,1,0,0,1,1,1,El pc se encuentra en un encino en la entrada al potrero del Sr. Luis Pinedo,En el sitio 1 del conglomerado 48713 el árbol 3 en el diámetro basal se normalizo a los 60cms por tener deformación  En el sitio 4 el árbol 5 se normalizo al 1.2m por tener deformación  En el sitio 4 el árbol 11 se normalizo al 1.2m por tener una deformación al 1.3m   En el conglomerado 48713 se encontró evidencia de muestreo arboles marcados varilla central y placas de aluminio   El suelo en general fue muy compactado y pedregoso por tal motivo la barrena no penetro mas que 3cm
48935,2013,Nayarit,La Yesca,Bosque,BQP,VSna,BQP,VSna,Inicial,No,Si,Si,Ejidal,Lerma Santiago,Rio Bajo Santigo,4,1,1,1,1,36,21 37 29.8,-104 25 58,-104.4327771111,21.6249437778,1896,Lomerio,10,No aplica,0,1,1,1,1,0,0,1,1,1,El pc se encuentra por la terraceria que llega de huajimic a la presa el cajon,"En este conglomerado se encontró evidencia del muestreo anterior, varilla central, arboles marcados y placas de aluminio"
48940,2013,Nayarit,La Yesca,Bosque,BQP,VSna,BQ,VSna,Inicial,No,Si,Si,Propiedad Particular,Lerma Santiago,Rio Bajo Santigo,2,1,1,0,0,25,21 37 43.9,-104 11 25.1,-104.1903052222,21.6288604444,2001,Lomerio,20,No aplica,0,1,1,0,1,0,0,1,1,1,El PC se encuentra en una roca a 100 mts de las casa del Rancho La Monera,El registro 3 del sitio uno fuer normalizado en el diámetro basal a los 50 cm por deformación y en el diámetro normal al 1.40 por deformación.    El sitio 3 y 4 no se pudieron levantar por cuestiones de ingobernabilidad y se anexan 2 fotos para la comprobación (se encontró marihuana en los dos sitios y durante el recorrido del PC al conglomerado.
48945,2013,Nayarit,La Yesca,Bosque,BPQ,VSna,BPQ,VSna,Inicial,No,Si,Si,Ejidal,Lerma Santiago,Rio Bajo Santigo,4,1,1,1,1,37,21 37 54.9,-103 56 52.1,-103.9478052222,21.631916,1932,Lomerio,20,No aplica,0,1,1,0,1,1,0,1,1,1,El PC se ecnuentra en un encino en el cedro del Rancho las coloradas,"En el conglomerado 48945 en el sitio 1 se encontró varilla central, arboles Marcados y placas de aluminio.    En el sitio 1 el registro 6 se normalizo a la altura de 1.1 mts de altura por deformación al 1.3 mts.    En el sitio  2 se encontró evidencia del muestreo anterior arboles marcados, estaca de madera y placas de aluminio.    En el sitio 3 se encontró evidencia de muestreo arboles marcados, estaca de madera y placas de aluminio.    En el sitio y se encontró evidencia de muestreo anterior, árboles marcados y estaca central.    En el sitio 4 el registro 8 se normalizo a .80 mts por tener deformación al 1.30 mts.  En el trayecto al conglomerado se observo varios plantíos de enervantes.    La muestra 1 48945_S4_A007_MRD0465 no se logro identificar.  La muestra 2 48945_S4_A004_MRD046 no se logro identificar."
48950,2013,Jalisco,San Martin de Bolaños,Bosque,BPQ,NULL,BQP,VSna,Inicial,No,Si,Si,Propiedad Particular,Lerma Santiago,Rio Bajo Santigo,4,1,1,1,1,81,21 38 6,-103 42 17.9,-103.7049722222,21.6349996667,2011,Ladera,62,No aplica,0,1,1,0,1,1,0,1,1,1,En un arbol sobre el camino que va hacia la brecha bolaños,"Sitio 1. Se encontró la varilla central, arboles marcados y arboles sub-muestras.  Sitio 2. No se localizo la estaca pero si hay arboles marcados y se localizo los arboles sub-muestras  Sitio 3. Se localizo la estaca del muestreo, arboles, marcados y arboles sub-muestras   Sitio 4. Se localizo la estaca del muestreo, arboles marcados y arboles sub-muestras. Este sitio tiene un nesgo de 4 quedando, desviado el trazo original, sin embargo al encontrarse la evidencia del muestreo como la estaca de centro de sitio, arboles marcados y arboles sub-muestreas no se hizo ninguna corrección. Se hace esta aclaración a visitas posteriores y supervisión.  Las fotografías hemisféricas no se envían de este conglomerado porque la cámara digital se des configuro y ya no guarda las fotos en formato RAWLCR2) y JPEG. Hemos tratado de configurarlo conforme a procedimiento pera no se logro corregir"
49173,2013,Nayarit,La Yesca,Bosque,BQP,VSna,BQ,VSna,Inicial,No,Si,Si,Ejidal,Lerma Santiago,Rio Bajo Santigo,4,1,1,1,1,27,21 35 5,-104 5 32.9,-104.0924718889,21.5847218889,1687,Lomerio,20,No aplica,0,1,1,0,1,0,0,1,1,1,El PC se encuentra en un poste de la CFE numero 47 frente al Rancho Tepehuaje,"El árbol 4 del sitio 1 se normalizo al 1.40 m.    El registro 6 del sitio 1 se normalizo al 1.20 m.    El registro 4 del sitio 2 se normalizo al 1.20 m.    El registro 4 del sitio 3 se normalizo al 1.20 m.    Se encontró evidencia del muestreo anterior, varilla central, estacas, placas y arboles marcados.    En el sitio 2 no fue posible bajar a menos de 7 el error de precisión por la pendientes y cuestiones climáticas."
49862,2013,Nayarit,La Yesca,Bosque,BQP,VSna,BQP,VSna,Inicial,No,Si,Si,Ejidal,Lerma Santiago,Rio Bajo Santigo,4,1,1,1,1,43,21 26 45,-104 17 3,-104.2841663333,21.445833,2028,Ladera,20,No aplica,0,1,1,0,1,1,0,1,1,1,El pc se encuentra en un encino en el Rancho los Metates,"En el conglomerado 49862 en el sitio 1 se encontró varilla central, arboles marcados y placas de aluminio   El sitio 1 del registro 1 se normalizo a la altura de 1.2m por tener una deformación al 1.3m   En el sitio  se encontraron arboles marcados del muestreo anterior y placas de aluminio   El registro 8 del sitio 2 se normalizo a la altura 1.5m de por tener deformación al 1.3m   El registro 9 del sitio 2 se normalizo a la altura 1.4m de por tener deformación al 1.3m   En el sitio 3 se encontraron arboles marcados, estaca de madera y placas de aluminio del muestreo anterior  El registro 3 del sitio 3 se normalizo a la altura de 1.1m por contar deformación al 1.3m de altura   En el sitio 4 se encontraron arboles marcados, estaca de madera y placas de aluminio del muestreo anterior  La colecta 49862_S4_A011_MRD0475 no se logro identificar por lo que se manda colecta"
49917,2013,Jalisco,Lagos de Moreno,Bosque,BQP,VSaa,BQP,VSA,Inicial,No,Si,Si,Propiedad Particular,Lerma Santiago,Rio Alto Santiago,3,1,0,1,1,26,21 27 42.2,-101 37 4.2,-101.6178326667,21.4617222222,2308,Ladera,38,No aplica,1,1,1,0,1,0,0,1,1,1,El PC se coloco en un poste de un falsete a lado de una brecha que acerca al CGL,"1° PC/ El acceso al conglomerado 49917 es tomado la carretera principal Ocampo, Guanajuato-León, Guanajuato.  Sobre esta carretera al pasar la localidad puerta de la borrega desviar por un falsete sin candado que de hecho es el único ya que los de los lados y las puertas tienen sobre esa brecha y antes de llegar a una presa se pintó el PC.  2._ S1/ Se llegó al centro del sitio el cual se encontró la varilla de remuestreo por lo que se respetó y se basó el trabajo sobre ella. Entraron 11 registros (Todos condición 1) con limites NE, S, NO, y N, los registros 1 y 2 pertenecen al árbol 1, los registros 3,4,5,6 pertenecen al árbol 2, los registro 8,9 pertenecen al árbol 4, los registros 10, 11 pertenecen al árbol 5. Los registros 1-9 son curvos, no hay inclinados. Pero submuestras se eligieron 2 coníferas y un encino. Es importante mencionar que el registro 7 tiene una distancia de 11.44 mts pero el cuadrante en que entro es el cuarto 24%=11.50 mts por ello se metió.  3._ S2/ Se trazó el sitio 2 con rumbo franco de 0° pero al llegar a la distancia de 40 ms nos encontramos con una pared de piedra de alrededor de 30 mts de caída por lo que por la distancia total de 45.14 mts más la compensación daría un total de 50 mts, 10 mts más que cae exactamente en medio de la pared de piedra de más de 100% por lo que por seguridad de la brigada para no bajar se justificó el sitio, se anexo fotos y video representativo donde muestra la inaccesibilidad del sitio.  4._ S3/ En este Sitio no se encontró estaca anterior aunque si algunas marcas azules en un Juniperus por lo que nos basamos en nuestro propio trazo. Entraron en el sitio 14 registros (todos condición 1) con limites SE, S, SO y NO. Los registros 1, 2, 3 pertenecen al árbol 1, el registro 8,9 pertenecen al árbol 6. Los registros 3-13 son curvos no hay inclinados, se eligieron para submuestra solo coníferas. En este se tomaron datos de degradación, toma de fotos del  señalizador N y S, Tomado fotos de barrena así como varillas (la barrena se colocó al SO al 1.40 mts porque había piedra).  5._ S4/ En este sitio no se encontró estaca anterior ni marcas de remuestreo, este sitio pasa por una pared de piedra pero donde la distancia compensada se puede levantar a diferencia del sitio 2 que la estaca caerá en medio de la pared de piedra, solo cayo 1 registros que es 1 encino considerado como primero, ultimo  árbol, submuestras  y limite SO. Es importante mencionar que hay gran cantidad de encino en el sitio pero no da los 7 sem. Mínimos de diámetro por lo que no se metieron.  6._ De forma general al Conglomerado se levantó sin problemas, es importante mencionar que no se localizó a nadien que nos digiera o nos guarda ya que ahí cerca no vive nadien y  la localidad cercana se ve abandonada."
50081,2013,Nayarit,Xalisco,Bosque,BQP,VSna,BQ,VSna,Inicial,No,Si,Si,Ejidal,Lerma Santiago,Rio Bajo Santigo,4,1,1,1,1,37,21 23 23.1,-104 54 48.1,-104.9133611111,21.3897496667,1310,Ladera,25,No aplica,0,1,1,0,1,1,0,1,1,1,Se marco en un arbol de pino que se encuentra en la parcela de Jesus García,"Se encontró evidencia del muestreo anterior, varilla y restos de pintura."
50106,2013,Jalisco,San Martin de Bolaños,Bosque,BQP,VSna,BQP,VSna,Inicial,No,Si,Si,Propiedad Particular,Lerma Santiago,Rio Bajo Santigo,4,1,1,1,1,71,21 24 29,-103 42 7.8,-103.7021666667,21.4080555556,2260,Ladera,36,No aplica,0,1,1,0,1,1,0,1,1,1,En un arbol sobre el camino Los campos Carrizal,"Sitio 1.-  Se encontró la varilla de centro de sitio, arboles marcados y arboles submuestra    Sitio 2.-  No se localizo estaca, pero si arboles marcados y arboles submuestra    Sitio 3.-  No se encontró estaca, pero si arboles marcados y arboles submuestras    Sitio 4.-  Se encontró estaca, arboles marcados y arboles submuestras    Las fotografías hemisféricas de este conglomerado no se envían debido a que la cámara se desconfiguro y no se guardo las fotos en los formatos RAW (CR2) y JPEG"
50329,2013,Nayarit,La Yesca,Bosque,BQP,VSA,BQP,VSna,Inicial,No,Si,Si,Ejidal,Lerma Santiago,Rio Bajo Santigo,3,1,0,1,1,38,21 21 23.8,-104 5 15.4,-104.0876107778,21.3566111111,1666,Lomerio,15,No aplica,0,1,1,0,1,1,0,1,1,1,El PC se encuentra en un poste de la CFE antes de llegar a San Pelayo,"El árbol #3 se normalizo al 1.10 del sitio #1  El árbol #10 se normalizo al 1.50 del sitio #1    Sitio 1: se encontró evidencia del muestreo anterior tales como varilla central, así como, árboles marcados y placas de arboles submuestras.    Sitio 3: se encontró evidencia del muestro anterior tales como arboles marcados y placas de arboles submuestras.    Sitio 4: se encontró evidencia del muestreo anterior tales como arboles marcados y placas de árboles marcados y placas de árboles de submuestras.    Sitio 2: se encontró dentro de un sembradío de enervante por lo cual no se levanto la información correspondiente."
50556,2013,Nayarit,La Yesca,Bosque,BQP,VSna,BQP,VSna,Inicial,No,Si,Si,Ejidal,Lerma Santiago,Rio Bajo Santigo,3,1,1,1,0,25,21 18 37.9,-104 14 1.1,-104.2336385556,21.3105277778,2299,Ladera,40,No aplica,0,1,1,0,1,1,0,1,1,1,El pc se encuentra en una brecha de aprovechamiento que punto de la brecha que va a la cienega," En el conglomerado 50566 se encontró en el sitio 1 varilla central, arboles marcados y placas de aluminio del muestreo anterior   El registro 1 del sitio 1 se normalizo al 1.1m por tener una deformación al 1.3m   En el sitio 2 se encontraron arboles marcados y placas de aluminio del muestreo anterior  El registro 1 del sitio 2 se normalizo al 1.4m de altura por tronco una deformación al 1.3m   En el sitio 3 se encontraron arboles marcados y placas de aluminio del muestreo anterior  El registro 3 del sitio 3 se normalizo al 1.1m por tener deformación y a 40cm del registro basal también por tener deformación   El registro 5 del sitio 3 se normalizo a la altura d 1.10m por tener  una deformación al 1.3m   El sitio 4 no se pudo tomar la información por caer dentro de un cultivo de enervantes   La colecta 50556_S2_A008_MRD0478 no se logro identificar"
50778,2013,Nayarit,Santa Maria del Oro,Bosque,BPQ,VSna,BQ,VSna,Inicial,No,Si,Si,Ejidal,Lerma Santiago,Rio Bajo Santigo,4,1,1,1,1,96,21 15 32.2,-104 37 11.9,-104.6199715556,21.2589444444,1362,Lomerio,10,No aplica,0,1,1,0,1,1,0,1,1,1,Se marco en un arbol que se encuentra a la orilla de la carretera de cuota mexico km 15,"En el sitio se encontraron evidencias del muestreo anterior varillas, placas y arboles con restos de pintura. El acceso esta por la autopista de cuota tramo Tepic-Guadalajara pasando la caseta de cobro de Santa María del oro."
51013,2013,Nayarit,Jala,Bosque,BPQ,VSna,BP,VSna,Inicial,No,Si,Si,Ejidal,Lerma Santiago,Rio Bajo Santigo,4,1,1,1,1,15,21 12 55.1,-104 31 20,-104.5222215556,21.2153055556,1447,Barranca,6,No aplica,0,1,1,0,1,1,0,1,1,1,El PC de encuentra en un encino en la terraceria que va de Tequepexcan - Jaral,En el CGL 51013 se encontró evidencia de muestreo de la brigada anterior (Placas y Varilla).    Sitio 1. Sin cubierta vegetal.    Sitio 2. Sin cubierta vegetal.    Sitio 3. Se encontró evidencia de incendio con afectación superficial. Solamente parte del tallo que quemo.    Sitio 4. Solo 3 pinos se encontraron.
51249,2013,Nayarit,Jala,Bosque,BQP,NULL,BQP,VSna,Inicial,No,Si,Si,Ejidal,Lerma Santiago,Rio Bajo Santigo,4,1,1,1,1,81,21 10 16.9,-104 25 29,-104.4247215556,21.1713604444,1655,Ladera,22,No aplica,0,1,1,0,1,1,0,1,1,1,El pc se encuentra en un poste en el rancho El Nuez,"En el cgl. 51249 se encontró evidencia de muestro de la brigada anterior (placas, varilla y arboles marcados)  El área donde se encuentra el cgl. Esta afectada por un incendio que ocurrió hace 2 meses causado por descuido humano por lo tanto todos los arboles del cgl. Muestran daño de incendio   Actualmente el suelo esta sin uso   NOTA: No se obtuvo colecta botánica y tampoco de sílice, solo de corteza y madera. Esto debido a que los arboles no presentaba follaje verde del árbol “muestra” solo del pino.  NOTA: En el sitio 1 el registro 5 (pino), no se tomo viruta debido a que el pino estaba muy quemado y resinoso   El sitio 3 el registro 1 y 8, no se tomo viruta por estar muy quemado y resinoso, lo cual no permitió la obtención   Por estar muy quemado no se considero el registro 14 como sub.  Considerando el vigor pobre de los pinos no se considero para sub."
51483,2013,Nayarit,Jala,Bosque,BPQ,VSna,BPQ,VSna,Inicial,No,Si,Si,Ejidal,Lerma Santiago,Rio Bajo Santigo,4,1,1,1,1,43,21 7 39,-104 19 38,-104.3272215556,21.1274993333,2096,Lomerio,12,No aplica,0,1,1,0,1,1,0,1,1,1,El PC se encuentra en un encino en la localidad El Carrizal,"En el CGL 51483 se encontró evidencia de muestreo de la brigada anterior (placas, arboles marcados). En los sitios 1, 2, 3 y 4 en este sitio 1 no se encontró varilla.    Suelos sitio 2 el uso de suelo es forestal y por encontrarse evidencia de corte para uso personal."
52418,2013,Jalisco,Magdalena,Bosque,BPQ,VSna,BPQ,VSA,Inicial,No,Si,Si,Propiedad Particular,Lerma Santiago,Rio Bajo Santigo,4,1,1,1,1,40,20 56 53.8,-104 10 45.1,-104.1791937778,20.9482774444,1995,Ladera,99,No aplica,0,1,1,0,1,1,0,1,1,1,En un árbol sobre la brecha que va a las moras,"SITIO 1. Se encontró varilla central, arboles marcados y arboles submuestras.    SITIO 2. No se encontró estaca pero si arboles marcados y arboles submuestras.    SITIO 3. Se encontró estaca, arboles marcados y arboles submuestras.    SITIO 4. No se encontró estaca pero si arboles marcados y arboles submuestras.     COM.- Se movió a NW y SE debido a que se encontraba un peñasco en el norte.    Las fotografías hemisféricas no se envían de este CGL porque la cámara digital se desconfigura  y ya no guarda las fotos en los formatos de RAW (CR2) y JPEG"
52902,2013,Jalisco,Zapopan,Bosque,BQP,VSna,BQP,VSna,Inicial,No,Si,Si,Propiedad Particular,Lerma Santiago,Rio Alto Santiago,4,1,1,1,1,146,20 51 56.1,-103 30 8,-103.5022222222,20.8655833333,1733,Ladera,65,No aplica,0,1,1,0,1,1,0,1,1,1,En un árbol sobre el camino Tesistlán-El Cimarrón.,"Sitio 1. No se encontró varilla central pero sí árboles marcados y placas, para poder ubicar el centro de sitio se trazó con longímetro y brújula a partir del sitio 2 donde se encontró estaca. De igual forma se verificó con el sitio 3 que coincidieran el trazo en rumbo y distancia, ya que también se encontró estaca en dicho sitio.  Sitio 2. Se localizó estaca de muestreo.  Sitio 3. Se localizó estaca de muestreo.  Sitio 4. No se localizó estaca central. Se trazó con rumbo y distancia más compensación de acuerdo con el sitio No. 1, todos los trazos se hicieron utilizando longimetro de 50m, brújula y clinómetro.   Este conglomerado se levantó en dos días, las fechas fotográficas aparecen en días diferentes."
53571,2013,Jalisco,Mascota,Bosque,BPQ,VSA,BQP,VSna,Inicial,No,Si,Si,Ejidal,Rio Ameca,Rio Ameca,3,1,1,1,0,47,20 42 34.1,-104 53 55,-104.8986107778,20.7094722222,1899,Ladera,97,No aplica,0,1,1,0,1,1,0,1,1,1,Sobre un árbol en la carretera libre Mascota-Vallarta,"Se llega a las coordenadas proporcionadas por la CONAFOR, ubicando la varilla de centro de sitio de la brigada de muestreo.    SITIO 1. Se toman las mejores coníferas como submuestras.    SITIO 2. Se traza con cuerda y brújula encontrando una estaca a 55.50 metros y es respetada su posición a un se encuentran placas de arboles  limites.  Se toman las mejores coníferas como submuestras.    SITIO 3. Se traza con cuerda y brújula.    Se encuentran arboles con placas, se toman las mejores coníferas como submuestras.    SITIO 4. Se traza con cuerda y brújula, encontrando una pendiente mayor al 100% a una distancia de 4 metros del centro de sitio en un rumbo de 240°."
53576,2013,Jalisco,Mascota,Bosque,BQP,VSna,BQ,VSna,Inicial,No,Si,Si,Propiedad Particular,Rio Ameca,Rio Ameca,4,1,1,1,1,76,20 42 50.1,-104 39 27,-104.6575,20.7139166667,1866,Ladera,15,No aplica,0,1,1,0,1,1,0,1,1,1,El PC se pintó en un árbol que esta sobre la brecha que va a Zacatongo,"1.- PC/ El acceso al conglomerado 53576 es tomado la vía principal Ixtlan del rio Jalisco.  Amatlan de cañas, Nayarit sobre esta carretera desviar a tepuzhuacan y seguir a zacatongo, de ahí hasta corrales por terracería muy mala y seguir y entrar al rancho Jalapillas sobre este conglomerado de donde se pinto el PC.    2.-S1/Para llegar al conglomerado de donde se pinto el PC es seguir la brecha hacia Jalapillas la brecha esta en malas condiciones, sobre esta brecha hay un letrero que dice Jalapillas en lugar de bajar al rancho es seguir hacia la vieja el vehículo llega a 400 mts máximo, llegando al sitio encontramos varilla de remuestreo y marcas en arboles por lo que se respeto, entraron 11 registros (2 tocones y 9 condición 1) con limites NE, E, S, SO y O, para submuestras se etiquetaron 3 pinos. El azimut del registro 10 es mayor que el 11 porque su base entra antes y su 1.3 mts después.    3.- S2/En el sitio no se encontró evidencia de estaca solo de alguna marcas en arboles entraron 13 registros (1 condición 2 y 12 registros) NE, SE, S, S y O para submuestras se dio preferencia a los pinos (2 pinos 1 encino).    4.- S3/En este sitio no se encontró evidencia de estaca solo evidencias en arboles, entraron 33 registros todos condición 1 con limites N, NE, E, SE, S, SO, O y NO, para submuestras se seleccionaron 3 pinos. El registro 15 tiene una distancia de 11.34 mts por lo que es mas que 11.28 mts pero su respectivo cuadrante es de 11.34 mts (12%) por ello se metió. Respeto a la altura de fotos de transectos, barrena, datos de degradación y colocación de varillas de realizaron en este sitio 3.    5.- S4/ En el ultimo sitio no se encontraron evidencias de estaca aunque se en arboles, entraron 21 registros (5 condicion2, 16 condicionm1) con limites NE, E, SE, S, SO y NO, para submuestras cuadrante al que pertenecen tiene 35 y 22% respectivamente 11.78 mts y 11.50 mts.    El levantamiento se llevo a cabo sin problemas ya que hubo autorización del encargado cabe mencionar que donde cae el conglomerado es una UMA. Además la vegetación original de CONAFOR es BQ lo que efectivamente se verifico pero además encontramos asociación de pinos y alguna otra especie por lo que nosotros lo determinamos como BQP."
53804,2013,Jalisco,Mascota,Bosque,BPQ,VSna,BQP,VSna,Inicial,No,Si,Si,Propiedad Particular,Rio Ameca,Rio Ameca,4,1,1,1,1,54,20 39 56.9,-104 48 4,-104.8011111111,20.6658055556,2076,Ladera,75,No aplica,0,1,1,0,1,1,0,1,1,1,En un pino sobre el camino hacia el conglomerado,"En este CGL se encontró la varilla y placas en el arbolado, asi como en los sitios se encontró evidencia de placas en el arbolado.    No hubo problema en el levantamiento de los 4 sitios, sin embargo el CGL se ubica dentro de una zona de protección forestal, por lo que no se pudieron obtener Colectas físicas, solo digitales.    En el árbol 6, registro 6 del sitio 3, no se pudo medir los parámetros de copa, debido a que el árbol presentaba un severo daño debido al fuego."
53809,2013,Jalisco,Mixtlan,Bosque,BPQ,VSna,BPQ,VSna,Inicial,No,Si,Si,Ejidal,Rio Ameca,Rio Ameca,4,1,1,1,1,41,20 40 11.3,-104 33 38.4,-104.5606666667,20.6698048889,1870,Ladera,40,No aplica,0,1,1,0,1,1,0,1,1,1,Se colocó en un árbol sobre la brecha El Tajo-Agua Zarca.,"PC; Se colocó en árbol sobre la brecha Tajo-Agua Zarca parra llegar al CGL se debe de caminar 102mts a través de la vereda la cual está regular.  S1; Se llegó a las coordenadas indicadas, se encontró la varilla, se le dio prioridad a las coníferas para ser tomadas como submuestras.  S2; Se trazó con brújula y cuerda compensada, no se encontró estaca, se le dio prioridad a las coníferas para ser tomadas como submuestra.  S3; No hay observaciones.  S4; Se trazó con brújula y cuerda compensada, no se encontró la estaca.  Se trabajó conforma al manual."
53829,2013,Jalisco,Zapopan,Bosque,BPQ,VSna,BPQ,VSna,Inicial,No,Si,Si,Propiedad Federal,Rio Ameca,Rio Ameca,4,1,1,1,1,59,20 41 0,-103 35 48,-103.5966663333,20.683333,1600,Ladera,25,No aplica,0,1,1,0,1,1,0,1,1,1,Se encuentra en un árbol en la orilla del camino que esta a un lado del rio caliente.,En el sitio 1 se encontró la varilla central y arboles marcados de color azul y con las placas.    En el sitio 2 se encontró la estaca y árboles marcados de color azul y con las placas.    En el sitio 3 se encontró la estaca y árboles marcados de color azul y con las placas.    En el sitio 4 no se encontró estaca pero si árboles marcados con placas.
54037,2013,Jalisco,Mascota,Bosque,BPQ,VSA,BPQ,VSna,Inicial,No,Si,Si,Ejidal,Rio Ameca,Rio Ameca,4,1,1,1,1,77,20 37 20,-104 42 14,-104.7038888889,20.6222215556,2333,Ladera,20,No aplica,0,1,1,0,1,1,0,1,1,1,Se colocó en un árbol sobre la terracería Juanacatito- Ixtalolo.,"PC. Se colocó en un árbol sobre la terracería Juanacalito- Ixtalolo, para llegar al CGL se debe caminar  mts por una brecha.  S1. Se encontró la varilla del muestreo anterior, si checo con  las coordenadas asignadas. Se trazó el sitio en base a cuerda compensada y brújula, se le dio prioridad a las coníferas para ser tomadas como sub-muestra.  S2. No se encontró estaca pero si se localizaron los árboles marcados, el sitio se trazó con cuerda compensada y brújula, se localizaron árboles sub-muestra.  S3. Se trazó con brújula y cuerda compensada, no se encontró estaca pero si hubo evidencia del muestreo anterior se le dio prioridad a las coníferas como sub-muestra. Se observaron arboles muertos tirados, asi como arboles quebrados de aprox. 50 cm  Suelos la barrena, se introdujo hasta los 35cm, no se pudo entrar más debido a que el suelo está muy duro."
54062,2013,Jalisco,Zapopan,Bosque,BQP,VSna,BQP,VSna,Inicial,No,Si,Si,Ejidal,Lerma Santiago,Rio Alto Santiago,3,1,0,1,1,133,20 38 19.5,-103 29 59.5,-103.4998607778,20.6387496667,2019,Ladera,5,No aplica,0,1,0,0,1,1,0,1,1,1,Se marco sobre una pared que se ubica sobre la terracería que entronca con la vereda que nos lleva al cgl.,"En este conglomerado se observo daño al arbolado causado por incendio, afectando a todo el arbolado en un 50% el cual sigue vivo y habiendo re-generación después del incendio.  No se hicieron colectas ya que es un Bosque protegido, el cual lleva por nombre ""Bosque de la Primavera""  Sitio 1: Debido a la vegetación herbácea impiden que se vea la varilla de centro de sitio. El registro 20 (18) es un árbol que se encuentra muy dañado y por lo tanto descopado por tal razón no se le tomó los datos de indicador de copa.  Sitio 2: Se declara inaccesible por presentar una pendiente mayor a 100% que dando a una distancia de 24m con un rumbo de 0° en las coordenadas 20° 36’ 20.2"" -103° 29’ 59.3"""
54271,2013,Jalisco,Mascota,Bosque,BPQ,VSA,BPQ,VSna,Inicial,No,Si,Si,Ejidal,Rio Ameca,Rio Ameca,4,1,1,1,1,87,20 34 43,-104 36 24,-104.6066666667,20.5786104444,1885,Ladera,39,No aplica,1,1,1,0,1,1,0,1,1,1,Sobre un encino en la brecha hacia la laja,"Se llega a las coordenadas proporcionadas por la CONAFOR ubicando la varilla de centro de sitio de la brigada de muestreo.    SITIO 1. Se cambia la numeración entre los registros 17 y 18 el 27 y 28 y los registros 29 y 30.    SITIO 2. Se traza con cuerda y brújula.  Se cambia la numeración entre los registros 5 y 6, y el registro 21 y 22.    SITIO 3. Se traza con cuerda y brújula.  Se incluyen tocones, la numeración cambia a partir del registro 4.    SITIO 4. Se traza con cuerda y brújula, el sitio es reubicado ya que la estaca esta situada a 220° con respecto al centro del sitio 1."
54497,2013,Jalisco,Mascota,Bosque,BPQ,VSna,BPQ,VSna,Inicial,No,Si,Si,Ejidal,Huicicila,Rio Huicicila,4,1,1,1,1,61,20 31 34.1,-104 59 27.1,-104.9908607778,20.5261382222,1394,Ladera,46,No aplica,0,1,1,0,1,1,0,1,1,1,"Se colocó en un árbol sobre la brecha, en la deviación a Coapipinki","El CGL se encuentra rodeado por una brecha.  El PC se coloco al salir del cgl.    SITIO 1. Se encontró y se respeto la varilla. No hay árbol límite Este.    SITIO 2. Este sitio cae a un costado de la brecha. No hay árbol límite Sur.    SITIO 4. No hay arboles limite S, O."
54527,2013,Jalisco,Tlajomulco de Zuñiga,Bosque,BQP,VSA,BQP,VSna,Inicial,No,Si,Si,Propiedad Particular,Lerma Santiago,Rio Bajo Lerma,4,1,1,1,1,71,20 32 52.1,-103 32 49.2,-103.5469996667,20.5478052222,1712,Ladera,19,No aplica,0,1,1,0,1,1,0,1,1,1,El PC se pintó en un poste de luz sobre la terracería que va del Rancho Cardenal a la Salida hacia el camino pavimentado para San Agustin,"1.- PC/El acceso para llegar al conglomerado 54527 es tomando la carretera federal No. 54 tramo Tlajomulco, Jalisco-Guadalajara, Jalisco sobre esta vía rápida desviar a la altura de San Agustín con dirección a la granjas y a los fraccionamientos residenciales, sobre esta desviar por una terracería hacia el Rancho Cardenal antes de llegar se pinto el PC, cerca de ahí hay una puerta de fierro que son del Ejido de San Agustín.    2.-S1/Se llego al sitio en el cual encontramos varilla de remuestreo por lo que respetamos ya que también conocido con nuestras coordenadas. Entraron 14 registros (todos condición 1) con límites E, SE, E y SO. El registro 5 tiene un azimut mayor que el registro 6 debido a la base que entra antes pero su 1.30 mts después.    3.-S2/Se trazo este sitio en el cual encontramos estaca de remuestreos a 1 mt de distancia, así como arboles marcados con pintura roja, respetando la estaca anterior encontraron 17 registros (todos condición 1) con limites N, E, SE, S, SO, O, y NO. El registro 7 tiene un azimut mayor que el 8 debido a que la base del 7 entra antes pero al 1.30 mts después que el 8 para la dirección de submuestras se consideraron solo coníferas.     4.- S3/Se trazo este sitio en el cual encontramos estaca de remuestreo a 4.16 mts por lo que la respetamos, encontraron 4 registro todos condición 1 con límites NE y SE. Respecto a la toma de fotos de barrena, señalizador N y S, datos de degradación y colocación de varilla testigo se realizaron en este sitio 3.  5.-S4/En este ultimo sitio se encontró estacas de remuestreo y arboles marcados con rojo y estaca a un metro de nuestro trazo por lo que la respetamos, encontraron 36 registros 11 condición 2, 3, 5 condición 1) con limites N, NE, E, SE, S, SO, O y NO. El registro 36 tiene una distancia de 11.54 mts se incluyo porque esta en el ultimo cuadrante que equivale a 31%=11.78 mts.    De forma general el levantamiento se realizo sin problemas ya que se pidió autorización de la entrada en el rancho, para llegar al conglomerado hay que pasar del ranchó y seguir y llegar a una puerta de fierro, seguir una brecha regular hasta quedar como a 500 m de vereda, el conglomerado tiene mucha roca que esta principalmente en el sitio 1."
54747,2013,Jalisco,Mascota,Bosque,BPQ,VSna,BPQ,VSna,Inicial,No,Si,Si,Ejidal,Rio Ameca,Rio Ameca,4,1,1,1,1,72,20 29 14,-104 39 11,-104.6530555556,20.4872218889,2048,Ladera,10,No aplica,0,1,1,0,1,0,0,1,1,1,Se ubico en un arbol rumbo al CGL.,"PC.- El punto de control se estableció en un árbol rumbo al CGL.    Sitio 1._ Se encontró evidencia del muestreo anterior se respetó y se traza de acuerdo a la ubicación de la varilla, pues no tenía desfasamiento muy alto, se levando las información correspondiente.    Sitio 2._ Se encontró evidencia de estaca, placas y arboles marcados, se remplazó la estaca y se levantó la información correspondiente.    Sitio 3._ Se encontró evidencia del muestreo anterior, se remplazó la estaca y se levantó la información correspondiente.      Sitio 4._ Se encontró evidencia del muestreo anterior se remplazó la estaca y se levantó  la información correspondiente."
54978,2013,Jalisco,Cabo Corrientes,Bosque,BQP,VSA,BQP,VSna,Inicial,No,Si,Si,Ejidal,Huicicila,Rio Huicicila,3,1,1,1,0,42,20 25 39.5,-105 16 50.5,-105.2806937778,20.4276382222,864,Lomerio,30,No aplica,0,1,1,0,1,1,0,1,1,1,Se marcó en un árbol que se ubica en la brecha que sale del Rancho La Puerta,En el conglomerado  se encontró solo la varilla central en el sitio 1 y 2 placas.    El error de precisión en el sitio numero 3 no bajo menos de 10 m debido a la cobertura de dosel se espero a que bajara pero al contrario subía a 11 m o 12 m por lo que se tomo la fotografía con error de 10 mts.    El sitio numero 4 se declaro inaccesible pro cuestiones de ingobernabilidad.
54983,2013,Jalisco,Talpa de Allende,Bosque,BQP,VSA,BQP,VSna,Inicial,No,Si,Si,Ejidal,Huicicila,Rio Huicicila,4,1,1,1,1,63,20 26 4,-105 2 13,-105.0369441111,20.4344441111,1767,Ladera,74,No aplica,0,1,1,1,1,1,0,1,1,1,Se le coloco en un arbol sobre la vereda que pasa en el filo de la C. la mona," Este cgl se realizo el levantamiento de información en dos días, por comentario del guía que nos acompaño señales que puede ser un poco mas accesible entrar por el predio llamado “los chivos”   Sitio 1. Se encontró y se respeto la varilla todavía se podían ver los arboles marcados   Sitio 2. Se observaron placas, únicamente se contaron 8 arboles, no hay árbol limite este   Sitio 3. Hay arboles marcados y placas no hay árbol limite oeste, la fotografía del estadal rumbo norte no se aprecia con claridad debido a la abundancia de vegetación arbustiva en esa área  Sitio 4. No hay árbol norte   En algunos caros, la precisión del GPS fue superior a los 5m debido a las condiciones climatológicas   Debido a la poca profundidad de suelo fue necesario que alguien sostuviera el barreno, como se aprecio en la fotografía de profundidad de suelo"
54988,2013,Jalisco,Mascota,Bosque,BPQ,VSA,BPQ,VSna,Inicial,No,Si,Si,Ejidal,Rio Ameca,Rio Ameca,3,1,0,1,1,58,20 26 21,-104 47 47,-104.7963885556,20.4391663333,1642,Barranca,30,No aplica,0,1,1,0,1,1,0,1,1,1,Se coloco en un pino sobre una brecha el cgl,"Se encontraron evidencias de placas en los sitios 1, 3 y 4.  Sitio2-. Se declaró inaccesible como la brigada anterior debido a la pendiente mayor a 90%, poniendo en peligro la integridad física de la brigada como también al equipo de trabajo.  El video del sitio 2 inaccesible tiene fecha diferente debido a que de primera instancia se tomó mal, ya que faltaron datos por mencionar por lo tanto el video se recuperó después de manera correcta.  De igual manera con el árbol del sitio 3."
54993,2013,Jalisco,Atenguillo,Bosque,BPQ,VSA,BQP,VSna,Inicial,No,Si,Si,Ejidal,Rio Ameca,Rio Ameca,4,1,1,1,1,65,20 26 36,-104 33 22,-104.5561111111,20.443333,1769,Bajo,10,No aplica,0,1,1,0,1,1,0,1,1,1,Se establecio en un arbolo sobre el camino atenguillo al cgl,"pc: el punto de control se estableció en un árbol en el camino rumbo al cgl  sitio1: se encontró rastodel muestreo anterior encontrando varios árboles pintados varilla y estacas se cambiaron las estacas por unas nuevas arboles marcados  sitio2: se encontraron rastros der estaca y arboles marcados la estaca se reemplazó por una nueva  sitio3: se encontraron varios restos de estaca y arboles marcados la estaca se reemplazó por una nueva  sitio4: se encontraron rastros de estaca y arboles marcados se reemplazó la estaca por una buen  cgl: en su mayoría hubo (encino) quercus castanea,  con otras especies como (tepehuaje) arbizia occidentales, (pino) pinus limholtzii y (enebro) juniperus fláccida"
55222,2013,Jalisco,Talpa de Allende,Bosque,BPQ,VSna,BPQ,VSna,Inicial,No,Si,Si,Ejidal,Huicicila,Rio Huicicila,4,1,1,1,1,60,20 23 11.1,-105 10 49.1,-105.1803048889,20.3864163333,1073,Ladera,40,No aplica,0,1,1,0,1,1,0,1,1,1,En un árbol sobre el camino hacia el CGL.,"Este CGL se ubico a partir de la varilla, se trazo en los sitios y se levantaron los sitios # 1, #3 y #4, ese mismo día siendo el sitio #2 levantando al día siguiente ya que una fuerte tormenta no permitió el levantamiento del mismo el PC también se ubico al día siguiente.    Para acceder a este CGL se llega por terracería y después de camino por una vereda teniendo que cruzar un arroyo bastante crecido, hay brechas de saca de corta no transitables. No se permitió la extracción de los ejemplares para colecta ya que el CGL esta ubicado en un área natural protegida, pero si hay colecta digital."
55482,2013,Jalisco,Atengo,Bosque,BQP,VSna,BQP,VSna,Inicial,No,Si,Si,Ejidal,Armeria Caohuayana,Armeria Coahuayana,4,1,1,1,1,101,20 21 20.9,-104 21 43,-104.3619444444,20.3558055556,2037,Lomerio,20,No aplica,0,1,1,0,1,1,0,1,1,1,Se coloca al lado de una brecha sobre la brecha rumbo al CGL.,Se observaron huellas de incendio en el sitio #4 con daños visibles en la corteza. Así como también erosión de tipo hídrica en el punto #3.  Se encontró evidencias de placas en cada uno de los sitios más no se encontró varillas ni se observó árboles marcados.  El sitio 3 presenta un error de precisión de 7 ya que debido al arbolado no se logró disminuir la precisión.
55726,2013,Jalisco,Atengo,Bosque,BQP,VSna,BQP,VSna,Inicial,No,Si,Si,Ejidal,Armeria Caohuayana,Armeria Coahuayana,4,1,1,1,1,32,20 18 43.1,-104 15 54,-104.265,20.3119722222,1569,Barranca,10,No aplica,0,1,1,0,1,1,0,1,1,1,Se colocó al lado de una puerta sobre el camino al CGL.,Se realizó toda la metodología y procedimientos conforme al manual.  En el sitio 1.- Se encontraron placas y varilla de las brigadas anteriores.  En el sitio 2.- Se encontró placas de brigadas anteriores.  En el sitio 3.- No hubo evidencia alguna de brigadas anteriores.  Sitio 4.- Se encontró árboles marcados.  El punto de control se colocó a un lado de una puerta sobre el camino al conglomerado.
55731,2013,Jalisco,Tecolotlan,Bosque,BPQ,VSA,BQP,VSna,Inicial,No,Si,Si,Ejidal,Armeria Caohuayana,Armeria Coahuayana,4,1,1,1,1,134,20 18 54.9,-104 1 29,-104.0247215556,20.31525,2311,Ladera,20,No aplica,0,1,1,0,1,0,0,1,1,1,Se colocó en una roca sobre la Teracería Quila-Lagunillas.,"El PC se colocó en una roca sobre la brecha que va de Quila el Grande a Lagunillas, para llegar al CGL se tiene que caminar 961 mts. Por la brecha.  S1; Se llegó a las coordenadas indicadas. Se encontró la varilla, se trabajó en base a esta, se encontraron sus árboles submuestra.  Para los sitios 2, 3 y 4 se trazaron con brújula y cuerda compensada, se trabajó conforme al manual."
55954,2013,Jalisco,Talpa de Allende,Bosque,BPQ,VSna,BPQ,VSna,Inicial,No,Si,Si,Ejidal,Costa de Jalisco,Costa de Jalisco,3,1,1,1,0,56,20 15 22,-104 53 20,-104.8888885556,20.2561111111,1523,Barranca,80,No aplica,0,1,1,0,1,1,0,1,1,1,En un arbol junto a la brecha que va a Talpa de Allende a la Cumbre de Fatima.,En el CGL 55954 se encontraron evidencias del muestreo anterior varilla central y placas en el sitio 1.  El sitio 2 y 3 no se presento evidencia.  El sitio 4 se declara inaccesible por cuestiones de ingobernabilidad.  El error de precisión en los sitios 1 y 3 fue mayor a 5 m debido a la cobertura densa de dosel que se presentaba.
56203,2013,Jalisco,Cuautla,Bosque,BQP,VSna,BQP,VSna,Inicial,No,Si,Si,Comunal,Rio Ameca,Rio Ameca,4,1,1,1,1,94,20 13 0.2,-104 33 5.9,-104.5516388889,20.2167215556,1736,Ladera,20,No aplica,0,1,1,0,1,1,0,1,1,1,El PC se colocó en un árbol dentro del predio a 200mts de la brecha el cual fue incendiado.,"El PC se colocó dentro de un predio como a 200mts de la brecha que va de Ceballos a tierras duras porque el conglomerado se ubica más cerca.  El sitio 1, se encontró con las coordenadas dadas ya que se encontró la varilla y las placas en el arbolado.  Sitio 2. Se trazó con brújula y cuerda compensada y en el sitio no se localizó estaca, solo las placas del muestreo anterior asó como en los sitios 3 y 4."
56703,2013,Jalisco,Ayutla,Bosque,BPQ,VSna,BPQ,VSna,Inicial,No,Si,Si,Ejidal,Rio Ameca,Rio Ameca,4,1,1,1,1,28,20 7 27.8,-104 35 51.4,-104.5976107778,20.1243882222,1999,Ladera,45,No aplica,0,1,1,0,1,1,0,1,1,1,El PC se colocó en un árbol en la brecha hacia el acerradero,"En este conglomerado se llegó al sitio con las coordenadas ya que se encontró la varilla del muestreo anterior, en el sitio 1 se encontraron las placas en árboles, para los sitios 2, 3 y 4 no se localizaron estacas pero en arbolado se encontró placas.    El sitio 2 se cambió el uso de suelo de forestal a uso agrícola, solo dejando los árboles de importancia comercial, este sitio tiene pendiente de más de 70% pero así se realizó el levantamiento."
56973,2013,Jalisco,Chiquilistlan,Bosque,BQP,VSna,BQP,VSna,Inicial,No,Si,Si,Comunal,Armeria Caohuayana,Armeria Coahuayana,4,1,1,1,1,70,20 5 30,-103 46 54,-103.781666,20.0916663333,2157,Ladera,39,No aplica,0,1,1,0,0,0,0,1,1,1,El pc se pinto en un arbol que se encuentra sobre la brecha que va hacia el conglomerado.,"1.-PC/ El acceso al conglomerado 56973 es tomando la vía principal Atemajac de Brizuela, Jalisco-Tapalpa, Jalisco, desviar hacia Ferretia de Tula, en la entrada de esta localidad desviar a la derecha por una terracería que va a cabañas turísticas y algunos ranchos, sobre esta desviar por una brecha que sube hasta el cerro del  Picacho, sobre esta se pinto el PC.    2.- S1/ Para llegar al conglomerado se pinto el pc hay una brecha muy poco marcada y después baja una ladera casi un kilometro se llego al centro de sitio, ya en el sitio encontramos la varilla de re muestreo anterior y marcas azules por lo que respetamos, entraron 22 registros todos condición 1 con limites N, NE, S, SO, O Y NO, el registro 9 se normalizo a 1.2 mts. Para la elección de submuestra, se dio preferencia a pinos.  3.- S2/ En este sitio no se encontraron evidencia de estaca aunque si se de clavos en arboles hacia el centro del sitio por lo que nos basamos en nuestro trazo, entraron 11 registros (2 condición 2, 9 condición 1) N, NE, S, SO y O, se eligieron 3 submuestra como coníferas, los registros 1, 8 tienen una distancia mayor a 11.28mts pero en el cuadrante al que pertenecen tienen una pendiente mayor de 0% por ello caen dentro del circulo.  4.-S3/No se encontró evidencia de estacas ni marcas solo clavos dirigidos al centro, por lo que nos basamos en nuestro trazo. Entraron 12 registros (todos condición 1) con límites N, NE, E, S, O Y NO. Los registros 4, 7 y 11 tienen una distancia mayor a 11.28 mts, se metieron por que su pendiente al que pertenecen es mayor de 0% hasta alcanzar poco mas de 60% por ello se metieron. Respecto a la toma de datos de degradación, colocación de varillas testigo para la erosión, toma de fotos N y S y toma de foto de barrena se realizaron en este sitio.  5.- S4/ En este ultimo sitio no se encontró estaca de re muestreó aun que si clavos en arboles como evidencias dirigidos al centro de sitio por lo que nos basamos  en nuestro trazo, entraron 25 registros todos condición 1, con limites N, NE, E, SE, S, SO Y NO. Es importante mencionar que la distancia de los registros  6, 24 y 25 tienen una distancia mayor a 11.28mts debido a que su pendiente es mayor a 0%.  6.-La vegetación original de CONAFOR es BQP lo que al llegar al CGL comprobamos que es correcto pero además por las especies asociadas a estas nosotros determinamos como VSA/BQP."
57459,2013,Jalisco,Ayutla,Bosque,BQP,VSA,BQP,VSna,Inicial,No,Si,Si,Ejidal,Armeria Caohuayana,Armeria Coahuayana,4,1,1,1,1,61,19 59 23.8,-104 32 51,-104.5474996667,19.9899441111,1921,Ladera,35,No aplica,0,1,1,0,1,1,0,1,1,1,El PC se marco en un encino en el cruc hacia Agua Blanca y Autla.,"Pc: Se coloco en árbol sobre la terracería Agua Blanca Autla para llegar al CGL se debe caminar 2 km por los cerros.    S1: se llego a las coordenadas indicadas, se encontró la varilla así como evidencia del muestreo anterior, se trabajo conforme al manual.  En general el trazo de CGL se hizo con brújula y cuerda compensada, se encontraron evidencias de arboles marcados. Se trabajo conforme al manual y procedimientos."
57474,2013,Jalisco,Tapalpa,Bosque,BPQ,VSna,BPQ,VSna,Inicial,No,Si,Si,Propiedad Particular,Armeria Caohuayana,Armeria Coahuayana,4,1,1,1,1,60,20 0 2.1,-103 49 42,-103.8283326667,20.0005833333,2217,Ladera,35,No aplica,0,1,1,0,1,1,0,1,1,1,Se marco en un arbol de pino que se encuentra sobre la brecha que nos conduce al conglomerado,Para poder ingresar al conglomerado se tiene que ir al municipio de Chiquilistlan ya que ahí vive el encargado de la reserva el Sr. Juan Montes de Oca que vive en la calle de Zaragoza que fue el que nos proporciono la llave del candado  La marca del pc se ubico dentro de las reserva en la brecha que lleva hacia el conglomerado en u árbol de pino. La brecha nos dejo a 380 metros del conglomerado   Sitio 1. No se encontró varilla de centro de sitio solo arboles marcados y plaqueados. Se trabajo sobre evidencias   Sitio 2. Se coincidió en el  trazo y se encontró arboles marcados al 1.30cm y plaqueados. No se encontró la estaca. En este sitio se haya aprovechamiento forestal. Sin ningún problema para levantar el sitio. El árbol con registro  # 6 se muy dañado por incendios anteriores   Sitio 3. Coincidimos en el trazo y se encontró evidencia. No se encontró la estaca. Sin ningún problema para levantar el sitio   Sitio 4. Se encontró evidencia como son arboles marcados al 1.30cm y plaqueados. Se coincidió el trazo. Ningún problema para levantar.   El arbolado se encuentra muy dañado por incendios anteriores
57484,2013,Jalisco,Atoyac,Bosque,BPQ,VSna,BPQ,VSna,Inicial,No,Si,Si,Comunal,Lerma Santiago,Rio Bajo Lerma,4,1,1,1,1,39,20 0 20,-103 20 56,-103.3488885556,20.0055555556,2147,Lomerio,16,No aplica,0,1,1,0,1,1,0,1,1,1,El pc se pinto en un arbol sobre la brecha que biene de la localidad los Laureles y va hacia el conglomerado.,"1.-PC/ El acceso al conglomerado N° 57484 es tomando la vía Teoculatlan Jalisco-Concepción de Buenos Aires, Jalisco: a la altura del lienzo charro por la terracería que va hacia los Laureles hay una puerta con una brecha que va al conglomerado sobre esta se pinto el PC.  2.-S1/ Para llegar al conglomerado de pc es seguir por esa brecha en buenas condiciones y esta nos deja a 250 mts del cgl, en el sitio encontramos varillas de re muestreó anterior y marcas y clavos en arboles por lo que se respeto, entraron 15 registros (7 condición 2, 1 tocón y 7 condición 1)  3.- S2/ No se encontró evidencia de estacas aunque si algunas marcas y clavos en dirección del sitio, entraron 15 registros (2 condición 2, 2 tocones y 11 condición 1)   4.-S3/ En este sitio  no se encontró estaca de re muestreo aunque si placas en los arboles, entraron 4 registros 3 condición 1 y 1 tocón con limites N y E, considerados como submuestra. Respecto a los datos de degradación, colocación de varillas testigo, fotografías de señalizador  N y S, foto de barrena se hicieron en este sitio.   5.- S4/ Al igual que en los otros sitios nos encontramos estaca de re muestreó pero si marcas por lo que como en todos los sitios nos basamos en nuestro trazo, encontraron 10 registros (3condicion 2, 1 tocón y  5 condición 1) con limites N, E y S para submuestra se dio referencia a coníferas.  6.- Respecto a la vegetación original de CONAFOR BPQ quedo así de acuerdo a la verificación en campo."
57991,2013,Jalisco,Mazamitla,Bosque,BPQ,VSna,BPQ,VSna,Inicial,No,Si,Si,Ejidal,Armeria Caohuayana,Rio Coahuayana,4,1,1,1,1,83,19 54 59,-103 9 23,-103.1563888889,19.9163888889,1942,Lomerio,15,No aplica,0,1,1,0,1,0,0,1,1,1,Sobre un píno en el camino San Martin-El Recreo,"Se llega a las coordenadas proporcionadas por la CONAFOR, encontrando la varilla de centro del sitio, por lo que se respeta su posición   Sitio 1. Se encuentra un árbol quebrado con rebrote entre árbol 10 y 11, registro 11 con placa de árbol 10, por encima del diámetro normal   Sitio 2. Se traza con cuerda y brújula, encontrando arboles con placa, registro 2 con placa de árbol 3 en línea basal, registro 6 con placa de árbol 6 en línea basal, registro 7 con placa de árbol 7 a la altura de diámetro normal  Sitio 3. Se traza con cuerda y brújula encontrando arboles con placa, registro 5 antes árbol 2 con placa por encima de diámetro normal, los registros 13 y 17 también presentan placa y se respetan como sub-muestra, existe 1 árbol quebrado entre registro 8 y 9.   Sitio 4. Se traza con cuerda y brújula, encontrando arbolado con placa registro 2 con placa de árbol en línea basal y los registros 4 y 18, con placa por encima de diámetro normal, se respeta como sub-muestra el árbol 2."
58240,2013,Jalisco,Tamazula de Gordiano,Bosque,BPQ,VSA,BPQ,VSna,Inicial,No,Si,Si,Ejidal,Armeria Caohuayana,Rio Coahuayana,3,1,1,1,0,169,19 52 12,-103 17 58.2,-103.2994996667,19.8699993333,2173,Ladera,73,No aplica,0,1,1,0,1,0,0,1,1,1,Sobre un pino sobre la terraceria,"Se llega a las coordenadas proporcionadas por la CONAFOR, encontrando una estaca en el centro del sitio 1, que es cambiado por la varilla, especifica en el manual.    SITIO 1. Se encuentra el registro 7 y el registro 13 con placa, solo el registro 7 es conservado como submuestras.    SITIO 2. Se traza con cuerda y brújula, encontrando evidencia de muestreo.  El sitio 6 presenta clavo a la altura de diámetro basal.  Registro 56 se toma diámetro normal a 1.2 m por deformación en el fuste.    SITIO 3. Se traza con cuerda y brújula, encontrando arboles con placas.  El registro 18, antes árbol 14, aunque actualmente se encuentra muerto en pie.  El registro 27 presenta placa encima del diámetro normal. Se toman como submuestras los elementos que presentan el mejor vigor.    SITIO 4. Se traza con cuerda y brújula.  Este sitio se declara inaccesible por pendiente mayo al 100%. Al trazar a una distancia de 41 m del centro de sitio 1, se encuentra una pendiente mayor al 100%"
58245,2013,Jalisco,Mazamitla,Bosque,BPQ,VSA,BQP,VSna,Inicial,No,Si,Si,Ejidal,Armeria Caohuayana,Rio Coahuayana,4,1,1,1,1,61,19 52 18,-103 3 36.2,-103.0600555556,19.871666,1800,Lomerio,17,No aplica,1,1,1,0,1,1,0,1,1,1,Sobre un encino en el camino hacia plan de Cervantes,"Se llega a las coordenadas proporcionadas por la CONAFOR, encontrando la varilla de centro de sitio de la brigada anterior, por lo que es respetada si posición. SITIO 1, se encontraron árboles con placas y se encuentra el árbol marcado anteriormente con el numero 1 pero al estar muerto a la altura de 1.3 m ya no presenta diámetro de 7.5 cm, por lo que en el remuestreo el registro 1, anteriormente era el numero 2. Entre los registros 4 y 5 así como entre 7 y 8 existe árbol quebrado, las registros 6 y 8 se incorporan.    SITIO 2. Se traza con cuerda y brújula, se encuentran arboles marcados con pintura rosa y placas. El registro 3 antes era registro 1 y registro 12 se tomo diámetro normal a 1.2 m registro 8 se pone placa a 40 cm porque pueda verse debido a que hay una roca, registro 3 con placa a la altura de diámetro normal, registro 6, 7 y 9 con placa en línea basal.    SITIO 3. Se traza con cuenda y brújula, encontrando la estaca desfasada 4.70 m por lo que se respeta. Registró 4 antes árbol 1, registro 18 y 19 existen 2 tocones con rebrote.    SITIO 4. Se traza con cuerda y brújula encontrando la estaca y respetando su posición entre registro 9 y 10 existen 3 tocones con rebrote, entre el ultimo y el primer registro existen 4 tocones con rebrote."
58483,2013,Jalisco,San Gabriel,Bosque,BPQ,VSaa,BPQ,VSna,Inicial,No,Si,Si,Propiedad Particular,Lerma Santiago,Rio Bajo Lerma,4,1,1,1,1,6,19 49 14.9,-103 40 56,-103.6822215556,19.8208048889,2262,Lomerio,14,No aplica,0,1,1,0,1,1,0,1,1,1,El PC se ubico en un poste de luz en la terraceria que va a tapalpa,"Este cgl se realizo en dos días.    SITIO 1. No se encontraron evidencias en el muestreo original.  Sin cobertura vegetal mayor o igual  a 7.5 cm de diámetro.  El sitio se ubica en medio de un cultivo de temporal.    SITIO 2. Sin evidencia del muestro original sin cobertura vegetal mayor o igual a 7.5 cm de diámetro.  El sitio se ubico en un sembradío de temporal.    SITIO 3. Se encontró evidencia de muestreo original como son placas en los arboles y arboles marcados con azul a los 1.30 m es el único sitio que tiene cobertura arbórea mayor o igual a 7.5 7.5 de diámetro normal y todos son pinos.  Se tomo en este sitio las fotos de transecto norte.    SITIO 4. Sin evidencia del muestreo original. Sin cobertura arbórea mayor o igual a 7.5 de diámetro normal. El sitio se ubico en un terreno de agricultura temporal y el trazo al sitio 4, pasa la terracería que va a Tapalpa (el veladero)."
58488,2013,Jalisco,Gomez Farias,Bosque,BPQ,VSA,BP,VSaa,Inicial,No,Si,Si,Ejidal,Lerma Santiago,Rio Bajo Lerma,4,1,1,1,1,54,19 49 23.8,-103 26 34,-103.4427774444,19.8232771111,1870,Lomerio,4,No aplica,1,1,1,0,1,1,0,1,1,1,Sobre un poste de luz dentro de la comunidad,"Se llego a las coordenadas proporcionadas por la CONAFOR, encontrando la varilla por lo que se respeta su posición, el sitio 1, entre el registro de 6 y 7 se encuentra el árbol marcado anteriormente como un árbol 7, pero esta quebrado por lo que no se incluye en la tabla M, entre registro 8 y 9 existe 1 tocón con rebrote   Sitio 2. Se traza con cuerda y brújula, encontrando el registro 1 con placa de árbol 1 registro 2 se toma diámetro normal a 1.33m por ramificación a 1.3m. registro 6 antes árbol 9, los arboles anteriormente 2, 5, 7 y 12 están caídos, existe 1 árbol quemado entre 15 y 16  Sitio 3. Se traza con cuerda y brújula encontrando el registro 1 anteriormente árbol 1 y sub-muestra el cual se encuentra con vigor muy pobre debido al incendio los registros 3 y 6 presentan placa y son respetados como sub-muestras existe 1 tocón con rebrote entre el ultimo y el primer registro.  Sitio 4. Se traza con cuerda y brújula, encontrando la estaca de la brigada anterior por lo que se respeta su posición. No se encuentra vegetación con diámetro igual o mayor a 7.5cm."
58498,2013,Jalisco,Quitupan,Bosque,BPQ,VSna,BPQ,VSna,Inicial,No,Si,Si,Propiedad Particular,Armeria Caohuayana,Rio Coahuayana,4,1,1,1,1,22,19 49 38,-102 57 49.9,-102.9638611111,19.8272215556,2088,Ladera,50,No aplica,0,1,1,0,1,1,0,1,1,1,Se marco en un pino en la localidad de las Tecatas.,"El punto de central se marcó en n pino a la entrada de la localidad de las tecatas, para poder entrar a trabajar al conglomerado se pidió permiso con el encargado de la huerta donde se ubica l primer (Pr1), ellos nos acompañaron al cgl.    Sitio1: Se llegó al centro de sitio no se encontró la varilla, sin embargo se encontraron placas y clavos de la brigada de muestreo.    Sitio2: El sitio se trazó al rumbo y distancia compensado correctamente en este sitio no se encontró arbolado.    Sitio3: En el sitio tres se encontraron evidencias como placas en el arbolado.    Sitio4: El sitio 4 se trazó al rumbo  y distancia correcta, este sitio cae en una brecha, este sitio es el que presenta más vegetación."
58738,2013,Jalisco,Sayula,Bosque,BPQ,VSna,BPQ,VSna,Inicial,No,Si,Si,Propiedad Particular,Lerma Santiago,Rio Bajo Lerma,4,1,1,1,1,47,19 46 36.2,-103 35 8.5,-103.5856941111,19.7767215556,2358,Ladera,43,No aplica,0,1,1,0,1,1,0,1,1,1,El PC se ubicó en un pino en la entrada del rancho 2 amigos.,"El conglomerado se realizó en dos días debido a que llovió y no alcanzó la luz para tomar fotos. La marca del PC se localiza en la entrada del Rancho 2 Amigos  El encargado de Rancho, el Sr. Martín Corona fue el quien nos orientó para llegar al conglomerado debido a que hay inaccesibles. La brecha no dejó a 730 mts. Ya que la brecha esta abandonada.  Sitio 1: Se encontró evidencia del muestreo original como son la varilla de sitio y árboles marcados al 1.30 cm y plaqueados. El árbol con el núm. De registro 16 esta dañado por cancros.  El árbol con el número de registro 6 se normalizó a 1.20 cm debido a una deformación al 1.30 cm.  Sitio2: Coincidimos en el trazo y se encontró evidencia como árboles marcados y plaqueados.  Solo entraron 4 arboles en el sitio, se ven arboles cercanos pero ya no entraron en la compensación. Sin problemas para levantar el sitio.  Sitio 3: Se encontró evidencia del muestreo anterior como árboles marcados el 1.30 cm y plaqueados. No se encontró estaca. El árbol #01 se normalizó al 1.50 debido a la malformación al 1.30 cm.  Sitio 4: Se coincidió en el trazo. Se encontró evidencia del muestreo original como árboles marcados y plaqueados. No se encontró estaca. Los árboles con el # de registro 1 y 7 se encuentran dañados por el incendio.  +en todo el conglomerado se encuentra dañado por incendio por años anteriores.  El registro 2, árbol 1 del sitio 3 corresponde a un individuo muy dañado por el fuego, por lo que no fue posible medir los indicadores de copa, lo mismo sucedió con el registro 8, árbol 6 del mismo sitio.El registro 13 por un leve ensanchamiento el diametro normal es mayor  al 1.30 metros el diametro normal es mayor al diametro basal."
59241,2013,Jalisco,San Gabriel,Bosque,BQP,VSna,BQP,VSna,Inicial,No,Si,Si,Ejidal,Armeria Caohuayana,Armeria Coahuayana,4,1,1,1,1,86,19 41 8.5,-103 37 58,-103.6327771111,19.6856941111,2167,Ladera,35,No aplica,1,1,1,0,1,1,0,1,1,1,El pc se ubico en un pino en la entrada de unas cabañas en la terraceria que lleva al cerro el picadia,"Este conglomerado se realizo en tres días debido a las malas condiciones del clima   Sitio 1. La varilla de centro de sitio se encontró desplazada a 15m, se encontraron arboles pintados y plaqueados del muestreo anterior sin problemas para levantar el sitio  Sitio 2. Se encontró evidencia del muestreo anterior como la estaca, arboles plaqueados y marcados al 1.30cm sin problemas para levantar el sitio   Sitio 3. Se encontró evidencia del muestreo original como arboles marcados  Sitio 4. Se encontró evidencia del muestreo original. Árbol 4 registro 4 tiene un diámetro de 1.30cm de diámetro. Para ello se anexaron fotos especiales  Observaciones generales. La marca del pc se ubico en la entrada de las cabañas en la terracería que lleva al conglomerado  El sitio 4 se encontró desplazado 4mt. Y se respeto la evidencia   En este conglomerado esta afectado por el incendio de años anteriores   El árbol 9 registro 4 presenta severo daño, por lo que no fue posible medir las indicaciones de copa"
59251,2013,Jalisco,Tamazula de Gordiano,Bosque,BPQ,VSA,BPQ,VSA,Inicial,No,Si,Si,Propiedad Particular,Armeria Caohuayana,Rio Coahuayana,4,1,1,1,1,24,19 41 23,-103 9 16,-103.1544444444,19.6897218889,1661,Ladera,26,No aplica,0,1,1,0,1,1,0,1,1,1,"El PC se colocó en un poste de luz, frente a la casa del rancho Familia Contreras sobre la brecha que va de la localidad el ahuacate al rancho Zarzamora.","Este CGL se encuentra ubicado en el rancho Zarzamora, propietario del Sr. Antonio luna, quien fue quien nos autorizó, la entrada al rancho para localizar el cgl que se encuentra a 50 mts de la brecha pasando la casa del citado rancho.    SITIO 1. En este sitio no se localizó la varilla, solamente se encontró evidencia de una placa, en un árbol de pino, pero la varilla se coloco de acuerdo a las coordenadas que nos proporciona la ficha técnica con una precisión de 3 y a una distancia de 2 mts.  Se contabilizaron 8 registros e igual numero de arboles, todos condición 1, los arboles 1, 2, 4, 5 y 7 fueron límites, las especies que predominan en este sitio son encinos y pinos.  También se observa evidencias de incendio, ocurridos en años anteriores.    SITIO 2. No se localizo estaca, tampoco evidencias del muestreo anterior, en este sitio no hay arboles con diámetro mayor o igual a 7.5, solo se encontraron especies herbáceas y pastizal.    SITIO 3. No se encontró estaca, solo evidencias de una placa en un árbol de pino, aquí en este sitio se contabilizaron 8 registros e igual número de arboles, de los cuales 7 son condición 1 y un tocón, los árboles 2, 5, 6 y 7 son límites en este sitio la especie que predominan son la de pino y encino, para tomar la foto de estructura y composición, nos costo un poco de trabajo por lo accidentado del lado Norte y por vegetación densa del lado Sur.    SITIO 4. No se encontró la estaca, ni evidencias de arboles marcados contabilizándose un total de 10 registros y 9 árboles, 9 condición 1 y 1 condición 4B (tocón), Los árboles 3 y 6 son límites.  Las especies encontradas en este sitio son huizache, encino y pino."
59256,2013,Jalisco,Quitupan,Bosque,BPQ,VSaa,BPQ,VSna,Inicial,No,Si,Si,Propiedad Particular,Balsas,Rio Tepalcatepec,4,1,1,1,1,16,19 41 28.7,-102 54 54,-102.915,19.6913052222,1854,Ladera,28,No aplica,0,1,0,0,1,1,0,1,1,1,El pc se coloco en un poste de luz electrica que se encuentra sobre la carretera que va de valles a la localidad el montoso,"Para poder entrar al rancho y localizar el cgl., se contacto al SR. Martin Chávez Delegado de la localidad el Montoso, quien fue quien nos autorizo la entrada al citado rancho, para poder realizar las actividades de campo.  Sitio 1. En este sitio no se localizo la varilla, a pesar de que las coordenadas del GPS, eran las mismas y las precisión  de 3 metros, solo se encontraron algunas evidencias como placas y clavos, ya que se observo que después del muestreo se realizo la labor de rosa, tumba y quema, para realizar la plantación de pastizales para la producción de ganado. En este sitio solo se contabilizaron 16 registros de los cuales en  su mayoría fueron tocones, el registro 2, 8 y 13 fueron limites, el árbol que aparece en la foto del ultimo, no se contabilizo porque no dio el diámetro normal de 7.5cm.  Sitio 2. En este sitio no se encontró estaca, solo se encontraron algunas placas y clavos, también se observo que después del muestreo, se realizo la labor de roza, tumba y quema.  En este sitio hubo  16 registros de los cuales solo 3 arboles vivos y los demás fueron tocones, de los cuales, solo el registro 12 fue limite oeste y solo se encontró una especie que es la Huizache.  Sitio 3. En este sitio no se encontraron evidencias del muestreo, también existían evidencias, que después del  muestreo se realizo la labor de rosa, tumba y quema para la plantación de pastos, por lo que solo se registraron 11 individuos, de los cuales 7 fueron arboles vivos y los demás tocones, los arboles 1, 3,8 y 10 fueron limites. La foto de estructura y composición, que es la del estatal se tomo de Noroeste a Suroeste, porque de norte a sur No había visibilidad por abundante vegetación.  Sitio4. En este sitio no se encontró la estaca ni evidencias de arboles que tuvieran un diámetro normal mayor o igual a 7.5cm, por lo que solo se tomaron las compensaciones de las pendientes del sitio."
59495,2013,Jalisco,Zapotlan el Grande,Bosque,BPQ,VSaa,BPQ,VSA,Inicial,No,Si,Si,Propiedad Particular,Lerma Santiago,Rio Bajo Lerma,4,1,1,1,1,12,19 38 28.1,-103 32 11.1,-103.5364163333,19.6411385556,1761,Barranca,81,No aplica,0,1,1,0,1,0,0,1,1,1,El PC se ubica en un poste de luz a la orilla de la Carretera que va a la ciudad Guzman a Sayulapa,"Se encontraron evidencias del muestreo original como son plaquitas y árboles marcados en el sitio 1.    No se encontró varilla del muestreo original.    Cae en medio de una barranca.    Sin problemas para levantar el sitio.    SITIO 2. No se encontró evidencia del muestreo anterior, el sitio callo en una pendiente muy accidentada, en el sitio no callo arbolado mayor a 7.5 de diámetro.    SITIO 3. El sitio cae en la huerta de aguacate y no se encontró evidencia del muestreo original.    SITIO 4. No se encontró evidencia del muestreo original y solo entraron 2 opuntias sp.    El árbol 3 del sitio 1 se normalizo a 1.40 cm debido a una malformación a los 1.30 cm.  El encargado de la huerta es el Señor Miguel Chávez."
59505,2013,Jalisco,Tamazula de Gordiano,Bosque,BPQ,VSA,BPQ,VSna,Inicial,No,Si,Si,Propiedad Particular,Armeria Caohuayana,Rio Coahuayana,4,1,1,1,1,49,19 38 42.9,-103 3 29.9,-103.0583055556,19.6452496667,1635,Ladera,29,No aplica,1,1,1,0,1,0,0,1,1,1,"El PC se colocó en un árbol de eucalipto, que se encuentra en la brecha entre el rancho Santa Julio y la Localidad de San Juan de la montaña, a un lado de un guardaganado.","Para llegar a este CGL nos trasladamos de Tamazula a la localidad de San Juan de la Montaña, ahí nos entrevistamos con el Delegado de la Comunidad el Sr. Adolfo Cuevas quien fue quien nos autorizó la entrada al Rancho de la Sra. Julia  Esquivel es la dueña y no radica en la comunidad de esta manera fue como se localizó el CGL.    Sitio 1° No se encontró la varilla, pero se marcó el sitio, con respecto a las coordenadas que nos proporcionó la ficha técnica y con la precisión requerida, Tampoco hubo evidencia de árboles marcados y placas, en este sitio se contabilizaron registros con 8 árboles, todos condición 1, el registros 4 del árbol 3 se pudo observar la presencia de hongos (Ganoderma spp.) en un 5%. Los Registros 2, 4, 5,10 y 11 son límites.    Sitio 2° No se localizó la estaca, pero si evidencia de algunas placas, contabilizamos un total de 8 árboles con 9 registros 8 condición 1 y un tocón, los registros 1, 2, 3, 4 y 8 son límites en este sitio no hubo presencia de plagas ni enfermedades, solo presencia de epifitas en el arbolado.    Sitio 3° Tampoco se encontró la estaca, pero si evidencia del muestreo en algunos árboles, encontrando algunas placas y clavos en este sitio existía compactación del suelo  por presencia de ganado vacuno, por lo tanto la barrena para el muestreo del suelo, solo se enterró 13 cm. Aquí se contabilizaron 11 árboles con 18 registros, 14 registros condición 1 y 4 condición 2. Los registros 1, 11, 14, 15,17 y 18 son límites.    También cabe hacer mención que el registro 5 y 6 pertenecen al árbol 4, pero se dejaron como submuestra, ya que eran los más cercanos al sitio y los más vigorosos.    Sitio 4° Al trazar este sitio no se logró encontrar la estaca pero si evidencia en algunos árboles, encontrando algunas placas al realizar el traslado se contabilizaron n total  de 8 árboles y 8 registros todos condición 1, los registros 5, 6, 9, 10, 11 y 12 son límites.    Las fotos aparecen con dos fechas diferentes, porque el CGL se levantó en 2 días."
60006,2013,Jalisco,Tamazula de Gordiano,Bosque,BPQ,VSaa,BPQ,VSna,Inicial,No,Si,Si,Propiedad Particular,Balsas,Rio Tepalcatepec,4,1,1,1,1,113,19 33 15,-103 6 18.8,-103.1052222222,19.5541666667,1624,Ladera,40,No aplica,0,1,1,0,1,1,0,1,1,1,"El pc se coloco en un arbol de encino, que  se encuentra sobre la brecha que va de la comunidad la sidra al rancho la huerta","Sitio 1. En este conglomerado se localizo la varilla, además había evidencias de algunas placas en algunos arboles  En este sitio se contabilizaron 35 arboles con 38 registros, de los cuales 30 fueron condición 1, 6 condición 2 y el resto tocones, en este sitio solo había 3 coníferas que fueron sub-muestras en anterior muestreo, pero ya no se respetaron porque ya están muertos. El azimut del árbol 6 es menor al del 5, porque el árbol 6 esta inclinado   Sitio 2. No se localizo estaca, solo algunos evidencia de placas en algunos arboles, en este sitio se contabilizo 26 arboles, con 30 registros, los arboles 1, 4, 13,17 y 23 fueron limites de los 30 registros 29 sin condición 1, 1 condición 2, no hubo presencia de tocones   Sitio3. No se localizo estaca, solo evidencias de arboles con placas, se contabilizaron y arboles con 15 registros, todos condición 1, No hubo presencia de tocones,  los arboles 2, 5,7 fueron limites. Este sitio se localiza en un área de pastizal, en la cual se dedican a la producción de ganado vacuno también había evidencias de incendios producidos en años anteriores  Sitio 4. En este sitio no se encontró la estaca, ni evidencias de arboles marcados, solo se encontró una placa tirada, aquí se contabilizaron 32 arboles con 33 registros condición 1, 9 condición 2 y 2 tocones, los arboles 3, 6, 8, 19, 23,27 y 32 son limites   Con respecto en la toma de fotografías es importante mencionar que se tomaron en diferentes fechas, ya que el cgl. Se levanto en 2 días y medios  Sitio 1: se observo arboles quebrados con una altura aprox. De 2.30m y DN de 15cm"
60256,2013,Jalisco,Zapotiltic,Bosque,BPQ,VSA,BPQ,VSna,Inicial,No,Si,Si,Ejidal,Armeria Caohuayana,Rio Coahuayana,4,1,1,1,1,10,19 30 28,-103 14 54,-103.248333,19.5077777778,1397,Ladera,36,No aplica,0,1,1,0,1,1,0,1,1,1,"El PC se colocó en un poste de luz Electrica, a la salida de la comunidad el Aserradero sobre la carretera pavimentada a Tecalitlan","Para poder llegar al CGL se tuvo que cambiar aproximadamente 20 minutos entrando por donde se encuentran unas colmenas de abejas enfrente hay falsete y evidencia de potrero, de ahí se subió en una vereda.    SITIO 1. En este punto no se encontraron evidencias ni la varilla. Aquí no entro ninguna especie con el diámetro de 7.5 cm.    SITIO 2. En este segundo punto si hubo evidencias de placas, pero no se encontró la estaca, solo se registraron 2 submuestras, porque solo se registraron 3 individuos pero uno es tocon.    SITIO 3. No se encontró evidencias, ni la estaca.    SITIO 4. En este ultimo punto no se encontró evidencias tampoco hubo especies que tuvieran el diámetro de 7.5 cm. Solo se contabilizo un tocón seco.    Las especies de árboles encontradas en la tabla M fueron de la familia leguminosae: Tepehuaje (Lysiloma acapulcensis) y Eysendhartia polytachya."
60501,2013,Colima,Cuauhtemoc,Bosque,BQP,VSA,BP,VSna,Inicial,No,Si,Si,Propiedad Particular,Armeria Caohuayana,Armeria Coahuayana,3,1,1,1,0,100,19 27 33.9,-103 37 42.5,-103.6284715556,19.4594166667,2087,Ladera,26,No aplica,0,1,1,0,1,0,0,1,1,1,El Pc se pinto en un arbol hasta donde termina y empieza la vereda que va a el conglomerado.,"1PC/ El acceso al conglomerado 60501 es tomando la vía principal No. 54 tramo Atenquiqe, Jalisco – Cuauhtémoc, colima sobre sobre esta vía desvía  hacia que serró, pasar esta localidad y seguir hacia el naranjal, entrar a mano derecha por una puerta blanca y agarrar la brecha que sube hasta el paraje llamado el Cordobal siguiendo hasta donde llega la brecha se pintó el PC.    2. S1/ Para llegar al conglomerado de donde dejamos el vehículo caminar por el monte, no hay vereda y el camino hacia el cgl tiene pendiente de más de 100% para subir a él por lo que es tardado subir, ya en el sitio no encontramos varilla de remuestreo enterrada ya que estaba a unos 20mts evitada ya que donde es el centro del sitio se observa una vereda que pasa ahí (cabe mencionar que esa vereda no lleva a la camioneta y se aleja), por lo que triangulamos con los otros sitios y clavamos la varilla, entraron 19 registros (17 condición 1 y 2 tocones) con limites N, E, SE, S y NO, los requisitos 8 y 9 tienen una distancia de más de 11.28mts entraron al círculo debido a que en el cuadrante al que esta tiene una pendiente mayor.    3. S2/ En el sitio no encontramos estaca de evidencia  anterior aunque si arboles marcados de azul por lo que nos basamos en nuestro trazo, entraron 39 requisitos (2 condición 2 y 37 condición 1) con limites N, NE, E, SE, S, SO, O y NO. El registro 37 tiene un azimut menor que el anterior registró debido a que su base entro después pero el 1.3mts antes.    4. S3/ En este sitio se encuentra evidencia de estaca a2.6mts por lo que la respetamos al estar dentro del margen permitido, además había evidencia de árboles marcados. Entraron 45 registros. (1 condición 2, 1 tocón y 43 condición 1) con limites N, NE, E, SE, S, O y NO. El registro 12 se normalizo a 1.2mts. El registro 10tiene un azimut mayor al de su siguiente registro pero se metió antes porque su base entra antes y el 1.3mts después.    5. S4/ En este sitio se encontró con una barranca con una pendiente mayor al 100% Por lo que declaro como inaccesible por pendiente.  La vegetación original de Conafor era BP, pero de acuerdo a lo evaluado en campo lo determinamos como VSA/BQP."
61521,2013,Jalisco,Tecalitlan,Bosque,BPQ,VSna,BPQ,VSna,Inicial,No,Si,Si,Comunal,Balsas,Rio Tepalcatepec,4,1,1,1,1,69,19 16 53.1,-103 14 47,-103.2463885556,19.281416,2037,Ladera,52,No aplica,0,1,1,0,1,1,0,1,1,1,Se marco en un Arbol en la localidad de Alotitlan,"Para el conglomerado 61521 se llegó a la localidad de Alotitlan en donde solo se habló con las personas del lugar sobre el trabajo.    Se llegaron a las coordenadas originales, al llegar se encuentra la varilla del muestreo original, con un desface de 5m el cual es respetado.    Sitio1. Se encuentra la varilla del muestreo original y arboles pintados y placas, la gran mayoría del arbolado está muerto debido al incendio.    Sitio2. Se encuentra evidencia del muestreo original los cuales se respetan, el sitio2 es cruzado por una brecha.    Sitio3. Se traza y se encuentra evidencia del muestreo original se encuentran las varillas de erosión. Los arboles todos casi muertos en pie.    Sitio4. Se traza y se encuentra evidencia del muestreo original"
62280,2013,Jalisco,Tecalitlan,Bosque,BPQ,VSna,BPQ,VSna,Inicial,No,Si,Si,Comunal,Armeria Caohuayana,Rio Coahuayana,4,1,1,1,1,79,19 8 44.9,-103 11 50.8,-103.1974441111,19.1458052222,2167,Ladera,34,No aplica,0,1,1,0,1,1,0,1,1,1,Se marco an Arbol de Pino en el Rancho el Guajolote,"Para el conglomerado 62280 se llegó al paraje conocido como Rancho el Guajolote, es importante señalar que no se consiguió un guía.  Se llegó a las coordenadas establecidas por la conafor, al llegar al centro del conglomerado, se pudo encontrar evidencias del muestreo anterior tales como, arboles marcados, y placas con ellos, se ubica la varilla del centro con un desface de 4m, la cual fue respetada, iniciando así el levantamiento.    Sirtio1. Aquí los arboles sub muestra del muestreo anterior fueron sustituidos, dando prioridad a las coníferas, ya que en los anteriores, los arboles sub muestra eran encino y madroños.  Cabe resaltar que para el sitio 2, 3, y 4 se siguió el mismo procedimiento que se describió para el sitio1, no sin antes señalar que el sitio4 es cruzado por una brecha abandonada."
